-- MySQL dump 10.13  Distrib 8.4.2, for Linux (x86_64)
--
-- Host: localhost    Database: whitebox
-- ------------------------------------------------------
-- Server version	8.4.2

/*!40101 SET @OLD_CHARACTER_SET_CLIENT=@@CHARACTER_SET_CLIENT */;
/*!40101 SET @OLD_CHARACTER_SET_RESULTS=@@CHARACTER_SET_RESULTS */;
/*!40101 SET @OLD_COLLATION_CONNECTION=@@COLLATION_CONNECTION */;
/*!50503 SET NAMES utf8mb4 */;
/*!40103 SET @OLD_TIME_ZONE=@@TIME_ZONE */;
/*!40103 SET TIME_ZONE='+00:00' */;
/*!40014 SET @OLD_UNIQUE_CHECKS=@@UNIQUE_CHECKS, UNIQUE_CHECKS=0 */;
/*!40014 SET @OLD_FOREIGN_KEY_CHECKS=@@FOREIGN_KEY_CHECKS, FOREIGN_KEY_CHECKS=0 */;
/*!40101 SET @OLD_SQL_MODE=@@SQL_MODE, SQL_MODE='NO_AUTO_VALUE_ON_ZERO' */;
/*!40111 SET @OLD_SQL_NOTES=@@SQL_NOTES, SQL_NOTES=0 */;

--
-- Table structure for table `accident_law`
--

DROP TABLE IF EXISTS `accident_law`;
/*!40101 SET @saved_cs_client     = @@character_set_client */;
/*!50503 SET character_set_client = utf8mb4 */;
CREATE TABLE `accident_law` (
  `law_idx` bigint NOT NULL AUTO_INCREMENT,
  `law_announce_date` varchar(255) DEFAULT NULL,
  `law_description` varchar(255) DEFAULT NULL,
  `law_number` int DEFAULT NULL,
  `law_page` int DEFAULT NULL,
  `law_seq` int DEFAULT NULL,
  `law_start_date` varchar(255) DEFAULT NULL,
  PRIMARY KEY (`law_idx`),
  CONSTRAINT `FKac5ce71hbkuamulvulubs3h9a` FOREIGN KEY (`law_idx`) REFERENCES `law` (`law_idx`)
) ENGINE=InnoDB AUTO_INCREMENT=186 DEFAULT CHARSET=utf8mb4 COLLATE=utf8mb4_0900_ai_ci;
/*!40101 SET character_set_client = @saved_cs_client */;

--
-- Dumping data for table `accident_law`
--

LOCK TABLES `accident_law` WRITE;
/*!40000 ALTER TABLE `accident_law` DISABLE KEYS */;
INSERT INTO `accident_law` VALUES (1,'20160127','제3조(처벌의 특례) ① (생  략)',1,1,0,'20160728'),(2,'20160127','1. ∼ 11. (생  략)',3,1,0,'20160728'),(3,'20160127','<P><신  설></P>',4,1,0,'20160728'),(4,'20110608','제3조(처벌의 특례) ① (생  략)',1,2,0,'20111209'),(5,'20110608','1. ∼ 9. (생  략)',3,2,0,'20111209'),(6,'20110608','10. 「도로교통법」 <P>제39조제2항에 따른</P> 승객의 추락 방지의무를 위반하여 운전한 경우',4,2,0,'20111209'),(7,'20110608','11. (생  략)',5,2,0,'20111209'),(8,'20110412','제2조(정의) 이 법에서 사용하는 용어의 뜻은 다음과 같다.',1,3,0,'20110412'),(9,'20110412','1. “차”란 「도로교통법」 <P>제2조제16호가목에 따른</P> 차(車)와 「건설기계관리법」 제2조제1항제1호에 따른 건설기계를 말한다.',2,3,0,'20110412'),(10,'20110412','2. (생  략)',3,3,0,'20110412'),(11,'20100125','제1조(목적) 이 법은 <P>업무상과실</P> 또는 중대한 과실로 교통사고를 일으킨 운전자에 관한 <P>형사처벌등</P>의 특례를 정함으로써 교통사고로 인한 피해의 신속한 회복을 촉진하고 국민생활의 편익을 증진함을 목적으로 한다.',1,4,0,'20100125'),(12,'20100125','제2조(정의) 이 법에서 사용하는 용어의 <P>정의는</P> 다음과 같다.',2,4,0,'20100125'),(13,'20100125','1. (생  략)',3,4,0,'20100125'),(14,'20100125','2. <P>“교통사고”라 함은</P> 차의 교통으로 인하여 사람을 <P>사상하거나 물건을 손괴</P>하는 것을 말한다.',4,4,0,'20100125'),(15,'20100125','제3조(처벌의 특례) ①차의 운전자가 교통사고로 인하여 「형법」 제268조의 죄를 <P>범한 때</P>에는 5년 이하의 금고 또는 2천만원 이하의 벌금에 처한다.',5,4,0,'20100125'),(16,'20100125','1. 「도로교통법」 <P>제5조의 규정에 의한 신호기</P> 또는 교통정리를 하는 경찰공무원등의 <P>신호나 통행의 금지</P> 또는 일시정지를 내용으로 하는 안전표지가 표시하는 <P>지시에</P> 위반하여 운전한 경우',7,4,0,'20100125'),(17,'20100125','2. 「도로교통법」 <P>제13조제3항의 규정에</P> 위반하여 중앙선을 침범하거나 <P>동법 제62조의 규정에 위반하여 횡단ㆍ유턴</P> 또는 후진한 경우',8,4,0,'20100125'),(18,'20100125','3. 「도로교통법」 제17조제1항 또는 <P>제2항의 규정에 의한 제한속도를 매시 20킬로미터를</P> 초과하여 운전한 경우',9,4,0,'20100125'),(19,'20100125','4. 「도로교통법」 <P>제21조제1항ㆍ제22조ㆍ제23조 또는 제60조제2항의 규정에 의한</P> 앞지르기의 방법ㆍ금지시기ㆍ금지장소 또는 끼어들기의 <P>금지에</P> 위반하여 운전한 경우',10,4,0,'20100125'),(20,'20100125','5. 「도로교통법」 <P>제24조의 규정에 의한 건널목</P> 통과방법을 위반하여 운전한 경우',11,4,0,'20100125'),(21,'20100125','6. 「도로교통법」 <P>제27조제1항의 규정에 의한 횡단보도에서의 보행자보호의무</P>를 위반하여 운전한 경우',12,4,0,'20100125'),(22,'20100125','7. 「도로교통법」 <P>제43조제1항</P>, 「건설기계관리법」 제26조 또는 「도로교통법」 <P>제96조의 규정에</P> 위반하여 운전면허 또는 건설기계조종사면허를 받지 아니하거나 국제운전면허증을 소지하지 아니하고 운전한 경우. 이 경우 운전면허 또는 건설기계조종사면허의 효력이 <P>정지중에 있거나 운전의 금지중에 있는</P> 때에는 운전면허 또는 건설기계조종사면허를 받지 아니하거나 국제운전면허증을 소지하지 아니한 것으로 본다.',13,4,0,'20100125'),(23,'20100125','8. 「도로교통법」 <P>제44조제1항의 규정에 위반하여 주취중에</P> 운전을 하거나 <P>동법 제45조의 규정에</P> 위반하여 약물의 영향으로 <P>정상한 운전을 하지 못할 염려</P>가 있는 상태에서 운전한 경우',14,4,0,'20100125'),(24,'20100125','9. 「도로교통법」 <P>제13조제1항의 규정에 위반하여 보도</P>가 설치된 도로의 보도를 침범하거나 <P>동법 제13조제2항의 규정에 의한 보도횡단방법에</P> 위반하여 운전한 경우',15,4,0,'20100125'),(25,'20100125','10. 「도로교통법」 <P>제39조제2항의 규정에 의한 승객의 추락방지의무</P>를 위반하여 운전한 경우',16,4,0,'20100125'),(26,'20100125','11. 「도로교통법」 제12조제3항에 따른 어린이 보호구역에서 같은 조 제1항에 따른 조치를 준수하고 어린이의 안전에 유의하면서 운전하여야 할 의무를 위반하여 어린이의 신체를 <P>상해</P>에 이르게 한 경우',17,4,0,'20100125'),(27,'20100125','제4조<P>(보험등에 가입된 경우의 특례)</P> ①교통사고를 일으킨 차가 「보험업법」 <P>제4조 및 제126조부터 제128조까지, 「여객자동차 운수사업법」 제60조ㆍ제61조</P> 또는 「화물자동차 운수사업법」 <P>제51조에 따라</P> 보험 또는 공제에 가입된 경우에는 제3조제2항 본문에 규정된 죄를 범한 <P>당해 차</P>의 운전자에 대하여 공소를 제기할 수 없다. 다만, 다음 각 호의 어느 하나에 해당하는 경우에는 그러하지 아니하다.',18,4,0,'20100125'),(28,'20100125','1. (생  략)',19,4,0,'20100125'),(29,'20100125','2. 피해자가 신체의 상해로 인하여 생명에 대한 위험이 발생하거나 <P>불구(不具) 또는 불치(不治)나 난치(難治)의 질병에 이르게 된</P> 경우',20,4,0,'20100125'),(30,'20100125','3. 보험계약 또는 공제계약이 <P>무효 또는 해지되거나 계약상의 면책규정</P> 등으로 인하여 보험회사, 공제조합 또는 공제사업자의 보험금 또는 공제금 지급의무가 <P>없게 된</P> 경우',21,4,0,'20100125'),(31,'20100125','③제1항의 보험 또는 공제에 가입된 사실은 보험회사, 공제조합 또는 공제사업자가 제2항의 취지를 <P>기재한</P> 서면에 의하여 증명되어야 한다.',23,4,0,'20100125'),(32,'20100125','제5조(벌칙) ①보험회사, 공제조합 또는 공제사업자의 사무를 처리하는 <P>자가</P> 제4조제3항의 서면을 <P>허위로 작성한 때</P>에는 3년 이하의 징역 또는 1천만원 이하의 벌금에 처한다.',24,4,0,'20100125'),(33,'20100125','②제1항의 <P>허위로</P> 작성된 문서를 <P>그 정</P>을 알고 <P>행사한 자</P>도 제1항의 형과 <P>같다</P>.',25,4,0,'20100125'),(34,'20100125','③보험회사, 공제조합 또는 공제사업자가 정당한 <P>사유없이</P> 제4조제3항의 서면을 발급하지 <P>아니한 때</P>에는 1년 이하의 징역 또는 300만원 이하의 벌금에 처한다.',26,4,0,'20100125'),(35,'20080321','제2조(정의) 이 법에서 사용하는 용어의 정의는 다음과 같다.',1,5,0,'20080321'),(36,'20080321','<P>1. “차”라 함은 도로교통법 제2조제16호의 규정에 의한 차와 건설기계관리법 제2조제1호의 규정에 의한 건설기계를 말한다.</P>',2,5,0,'20080321'),(37,'20080321','2. (생  략)',3,5,0,'20080321'),(38,'20080321','제3조(처벌의 특례) ①차의 운전자가 교통사고로 인하여 <P>형법</P> 제268조의 죄를 범한 때에는 5년 이하의 금고 또는 2천만원 이하의 벌금에 처한다.',4,5,0,'20080321'),(39,'20080321','1. <P>도로교통법</P> 제5조의 규정에 의한 신호기 또는 교통정리를 하는 경찰공무원등의 신호나 통행의 금지 또는 일시정지를 내용으로 하는 안전표지가 표시하는 지시에 위반하여 운전한 경우',6,5,0,'20080321'),(40,'20080321','2. <P>도로교통법</P> 제13조제3항의 규정에 위반하여 중앙선을 침범하거나 동법 제62조의 규정에 위반하여 횡단ㆍ유턴 또는 후진한 경우',7,5,0,'20080321'),(41,'20080321','3. <P>도로교통법</P> 제17조제1항 또는 제2항의 규정에 의한 제한속도를 매시 20킬로미터를 초과하여 운전한 경우',8,5,0,'20080321'),(42,'20080321','4. <P>도로교통법</P> 제21조제1항ㆍ제22조ㆍ제23조 또는 제60조제2항의 규정에 의한 앞지르기의 방법ㆍ금지시기ㆍ금지장소 또는 끼어들기의 금지에 위반하여 운전한 경우',9,5,0,'20080321'),(43,'20080321','5. <P>도로교통법</P> 제24조의 규정에 의한 건널목 통과방법을 위반하여 운전한 경우',10,5,0,'20080321'),(44,'20080321','6. <P>도로교통법</P> 제27조제1항의 규정에 의한 횡단보도에서의 보행자보호의무를 위반하여 운전한 경우',11,5,0,'20080321'),(45,'20080321','7. <P>도로교통법 제43조제1항, 건설기계관리법</P> 제26조 또는 <P>도로교통법</P> 제96조의 규정에 위반하여 운전면허 또는 건설기계조종사면허를 받지 아니하거나 국제운전면허증을 소지하지 아니하고 운전한 경우. 이 경우 운전면허 또는 건설기계조종사면허의 효력이 정지중에 있거나 운전의 금지중에 있는 때에는 운전면허 또는 건설기계조종사면허를 받지 아니하거나 국제운전면허증을 소지하지 아니한 것으로 본다.',12,5,0,'20080321'),(46,'20080321','8. <P>도로교통법</P> 제44조제1항의 규정에 위반하여 주취중에 운전을 하거나 동법 제45조의 규정에 위반하여 약물의 영향으로 정상한 운전을 하지 못할 염려가 있는 상태에서 운전한 경우',13,5,0,'20080321'),(47,'20080321','9. <P>도로교통법</P> 제13조제1항의 규정에 위반하여 보도가 설치된 도로의 보도를 침범하거나 동법 제13조제2항의 규정에 의한 보도횡단방법에 위반하여 운전한 경우',14,5,0,'20080321'),(48,'20080321','10. <P>도로교통법</P> 제39조제2항의 규정에 의한 승객의 추락방지의무를 위반하여 운전한 경우',15,5,0,'20080321'),(49,'20080321','11. (생  략)',16,5,0,'20080321'),(50,'20080321','<P><신  설></P>',18,5,0,'20080321'),(51,'20080321','<P><신  설></P>',19,5,0,'20080321'),(52,'20080321','<P><신  설></P>',20,5,0,'20080321'),(53,'20080321','③제1항의 보험 또는 공제에 가입된 사실은 <P>보험사업자</P> 또는 공제사업자가 제2항의 취지를 기재한 서면에 의하여 증명되어야 한다.',22,5,0,'20080321'),(54,'20080321','제5조(벌칙) ①<P>보험회사 또는 공제조합</P>의 사무를 처리하는 자가 제4조제3항의 서면을 허위로 작성한 때에는 3년 이하의 징역 또는 1천만원 이하의 벌금에 처한다.',23,5,0,'20080321'),(55,'20080321','② (생  략)',24,5,0,'20080321'),(56,'20080321','③<P>보험사업자</P> 또는 공제사업자가 정당한 사유없이 제4조제3항의 서면을 발급하지 아니한 때에는 1년 이하의 징역 또는 300만원 이하의 벌금에 처한다.',25,5,0,'20080321'),(57,'20080321','제6조(양벌규정) 법인의 <P>대표자ㆍ대리인ㆍ사용인 기타</P>의 종업원이 그 법인의 업무에 관하여 제5조의 위반행위를 <P>한 때에는</P> 행위자를 벌하는 외에 그 <P>법인에 대하여도 동조의 벌금형을 과한다</P>. <P><단서 신설></P>',26,5,0,'20080321'),(58,'20071221','②·③ (생  략)',2,6,0,'20091222'),(59,'20050531','<P>交通事故處理特例法</P>',1,7,0,'20060601'),(60,'20050531','제3조(처벌의 특례) ① (생  략)',2,7,0,'20060601'),(61,'20050531','1. ∼ 10. (생  략)',4,7,0,'20060601'),(62,'20050531','<P><신  설></P>',5,7,0,'20060601'),(63,'20030529','제2조(정의) 이 법에서 사용하는 용어의 정의는 다음과 같다.',1,8,0,'20030830'),(64,'20030529','1. “차”라 함은 도로교통법 <P>제2조제13호</P>의 규정에 의한 차와 건설기계관리법 제2조제1호의 규정에 의한 건설기계를 말한다.',2,8,0,'20030830'),(65,'20030529','2. (생  략)',3,8,0,'20030830'),(66,'20030529','제3조(처벌의 특례) ① (생  략)',4,8,0,'20030830'),(67,'20030529','1. (생  략)',6,8,0,'20030830'),(68,'20030529','2. 도로교통법 <P>제12조제3항</P>의 규정에 위반하여 중앙선을 침범하거나 동법 <P>제57조</P>의 규정에 위반하여 횡단ㆍ유턴 또는 후진한 경우',7,8,0,'20030830'),(69,'20030529','3. 도로교통법 <P>제15조제1항</P> 또는 제2항의 규정에 의한 제한속도를 매시 20킬로미터를 초과하여 운전한 경우',8,8,0,'20030830'),(70,'20030529','4. 도로교통법 <P>제19조제1항ㆍ제20조 내지 제20조의3 또는 제56조제2항</P>의 규정에 의한 앞지르기의 방법ㆍ금지시기ㆍ금지장소 또는 끼어들기의 금지에 위반하여 운전한 경우',9,8,0,'20030830'),(71,'20030529','5. 도로교통법 <P>제21조</P>의 규정에 의한 건널목 통과방법을 위반하여 운전한 경우',10,8,0,'20030830'),(72,'20030529','6. 도로교통법 <P>제24조제1항</P>의 규정에 의한 횡단보도에서의 보행자보호의무를 위반하여 운전한 경우',11,8,0,'20030830'),(73,'20030529','7. 도로교통법 <P>제40조제1항</P>, 건설기계관리법 제26조 또는 도로교통법 <P>제80조</P>의 규정에 위반하여 운전면허 또는 건설기계조종사면허를 받지 아니하거나 국제운전면허증을 소지하지 아니하고 운전한 경우. 이 경우 운전면허 또는 건설기계조종사면허의 효력이 정지중에 있거나 운전의 금지중에 있는 때에는 운전면허 또는 건설기계조종사면허를 받지 아니하거나 국제운전면허증을 소지하지 아니한 것으로 본다.',12,8,0,'20030830'),(74,'20030529','8. 도로교통법 <P>제41조제1항</P>의 규정에 위반하여 주취중에 운전을 하거나 동법 <P>제42조</P>의 규정에 위반하여 약물의 영향으로 정상한 운전을 하지 못할 염려가 있는 상태에서 운전한 경우',13,8,0,'20030830'),(75,'20030529','9. 도로교통법 <P>제12조제1항</P>의 규정에 위반하여 보도가 설치된 도로의 보도를 침범하거나 동법 <P>제12조제2항</P>의 규정에 의한 보도횡단방법에 위반하여 운전한 경우',14,8,0,'20030830'),(76,'20030529','10. 도로교통법 <P>제35조제2항</P>의 규정에 의한 승객의 추락방지의무를 위반하여 운전한 경우',15,8,0,'20030830'),(77,'19970830','제3조(처벌의 특례) ①차의 운전자가 교통사고로 인하여 형법 제268조의 죄를 범한 때에는 <P>5년이하</P>의 금고 또는 <P>2천만원이하</P>의 벌금에 처한다.',1,9,0,'19980101'),(78,'19970830','② (생  략)',2,9,0,'19980101'),(79,'19970830','②·③ (생  략)',4,9,0,'19980101'),(80,'19970830','제5조(벌칙) ①보험회사 또는 공제조합의 사무를 처리하는 자가 제4조제3항의 서면을 허위로 작성한 때에는 <P>3년이하</P>의 징역 또는 <P>1천만원이하</P>의 벌금에 처한다.',5,9,0,'19980101'),(81,'19970830','② (생  략)',6,9,0,'19980101'),(82,'19970830','③보험사업자 또는 공제사업자가 정당한 사유없이 제4조제3항의 서면을 발급하지 아니한 때에는 <P>1년이하</P>의 징역 또는 <P>300만원이하</P>의 벌금에 처한다.',7,9,0,'19980101'),(83,'19950105','제2조(정의) 이 법에서 사용하는 용어의 정의는 다음과 같다.',1,10,0,'19950701'),(84,'19950105','1. “차”라 함은 도로교통법 제2조제13호의 규정에 의한 차와 <P>중기관리법</P> 제2조제1호의 규정에 의한 <P>중기</P>를 말한다.',2,10,0,'19950701'),(85,'19950105','2. (생  략)',3,10,0,'19950701'),(86,'19950105','제3조(처벌의 특례) ①차의 운전자가 교통사고로 인하여 형법 제268조의 죄를 범한 때에는 5년이하의 금고 또는 <P>500만원이하</P>의 벌금에 처한다.',4,10,0,'19950701'),(87,'19950105','1. ∼ 6. (생  략)',6,10,0,'19950701'),(88,'19950105','7. 도로교통법 제40조제1항, <P>중기관리법 제19조</P> 또는 도로교통법 제80조의 규정에 위반하여 운전면허 또는 <P>중기조종사면허</P>를 받지 아니하거나 국제운전면허증을 소지하지 아니하고 운전한 경우. 이 경우 운전면허 또는 <P>중기조종사면허</P>의 효력이 정지중에 있거나 운전의 금지중에 있는 때에는 운전면허 또는 <P>중기조종사면허</P>를 받지 아니하거나 국제운전면허증을 소지하지 아니한 것으로 본다.',7,10,0,'19950701'),(89,'19950105','8. ∼ 10. (생  략)',8,10,0,'19950701'),(90,'19950105','제5조(벌칙) ①보험회사 또는 공제조합의 사무를 처리하는 자가 제4조제3항의 서면을 허위로 작성한 때에는 3년이하의 징역 또는 <P>300만원이하</P>의 벌금에 처한다.',9,10,0,'19950701'),(91,'19950105','② (생  략)',10,10,0,'19950701'),(92,'19950105','③보험사업자 또는 공제사업자가 정당한 사유없이 제4조제3항의 서면을 발급하지 아니한 때에는 1년이하의 징역 또는 <P>100만원이하</P>의 벌금에 처한다.',11,10,0,'19950701'),(93,'20161202','제3조(처벌의 특례) ① (현행과 같음)',1,1,1,'20171203'),(94,'20161202','1. ∼ 11. (현행과 같음)',3,1,1,'20171203'),(95,'20161202','<P>12. 「도로교통법」 제39조제4항을 위반하여 자동차의 화물이 떨어지지 아니하도록 필요한 조치를 하지 아니하고 운전한 경우</P>',4,1,1,'20171203'),(96,'20160127','제3조(처벌의 특례) ① (현행과 같음)',1,2,1,'20160728'),(97,'20160127','1. ∼ 9. (현행과 같음)',3,2,1,'20160728'),(98,'20160127','10. 「도로교통법」 <P>제39조제3항에 따른</P> 승객의 추락 방지의무를 위반하여 운전한 경우',4,2,1,'20160728'),(99,'20160127','11. (현행과 같음)',5,2,1,'20160728'),(100,'20110608','제2조(정의) 이 법에서 사용하는 용어의 뜻은 다음과 같다.',1,3,1,'20111209'),(101,'20110608','1. “차”란 「도로교통법」 <P>제2조제17호가목에 따른</P> 차(車)와 「건설기계관리법」 제2조제1항제1호에 따른 건설기계를 말한다.',2,3,1,'20111209'),(102,'20110608','2. (현행과 같음)',3,3,1,'20111209'),(103,'20110412','제1조(목적) 이 법은 <P>업무상과실(業務上過失)</P> 또는 중대한 과실로 교통사고를 일으킨 운전자에 관한 <P>형사처벌 등</P>의 특례를 정함으로써 교통사고로 인한 피해의 신속한 회복을 촉진하고 국민생활의 편익을 증진함을 목적으로 한다.',1,4,1,'20110412'),(104,'20110412','제2조(정의) 이 법에서 사용하는 용어의 <P>뜻은</P> 다음과 같다.',2,4,1,'20110412'),(105,'20110412','1. (현행과 같음)',3,4,1,'20110412'),(106,'20110412','2. <P>“교통사고”란</P> 차의 교통으로 인하여 사람을 <P>사상(死傷)하거나 물건을 손괴(損壞)</P>하는 것을 말한다.',4,4,1,'20110412'),(107,'20110412','제3조(처벌의 특례) ① 차의 운전자가 교통사고로 인하여 「형법」 제268조의 죄를 <P>범한 경우</P>에는 5년 이하의 금고 또는 2천만원 이하의 벌금에 처한다.',5,4,1,'20110412'),(108,'20110412','1. 「도로교통법」 <P>제5조에 따른 신호기가 표시하는 신호</P> 또는 교통정리를 하는 경찰공무원등의 <P>신호를 위반하거나 통행금지</P> 또는 일시정지를 내용으로 하는 안전표지가 표시하는 <P>지시를</P> 위반하여 운전한 경우',7,4,1,'20110412'),(109,'20110412','2. 「도로교통법」 <P>제13조제3항을</P> 위반하여 중앙선을 침범하거나 <P>같은 법 제62조를 위반하여 횡단, 유턴</P> 또는 후진한 경우',8,4,1,'20110412'),(110,'20110412','3. 「도로교통법」 제17조제1항 또는 <P>제2항에 따른 제한속도를 시속 20킬로미터</P> 초과하여 운전한 경우',9,4,1,'20110412'),(111,'20110412','4. 「도로교통법」 <P>제21조제1항, 제22조, 제23조에 따른</P> 앞지르기의 방법ㆍ금지시기ㆍ금지장소 또는 끼어들기의 <P>금지를 위반하거나 같은 법 제60조제2항에 따른 고속도로에서의 앞지르기 방법을</P> 위반하여 운전한 경우',10,4,1,'20110412'),(112,'20110412','5. 「도로교통법」 <P>제24조에 따른 철길건널목</P> 통과방법을 위반하여 운전한 경우',11,4,1,'20110412'),(113,'20110412','6. 「도로교통법」 <P>제27조제1항에 따른 횡단보도에서의 보행자 보호의무</P>를 위반하여 운전한 경우',12,4,1,'20110412'),(114,'20110412','7. 「도로교통법」 <P>제43조</P>, 「건설기계관리법」 제26조 또는 「도로교통법」 <P>제96조를</P> 위반하여 운전면허 또는 건설기계조종사면허를 받지 아니하거나 국제운전면허증을 소지하지 아니하고 운전한 경우. 이 경우 운전면허 또는 건설기계조종사면허의 효력이 <P>정지 중이거나 운전의 금지 중인</P> 때에는 운전면허 또는 건설기계조종사면허를 받지 아니하거나 국제운전면허증을 소지하지 아니한 것으로 본다.',13,4,1,'20110412'),(115,'20110412','8. 「도로교통법」 <P>제44조제1항을 위반하여 술에 취한 상태에서</P> 운전을 하거나 <P>같은 법 제45조를</P> 위반하여 약물의 영향으로 <P>정상적으로 운전하지 못할 우려</P>가 있는 상태에서 운전한 경우',14,4,1,'20110412'),(116,'20110412','9. 「도로교통법」 <P>제13조제1항을 위반하여 보도(步道)</P>가 설치된 도로의 보도를 침범하거나 <P>같은 법 제13조제2항에 따른 보도 횡단방법을</P> 위반하여 운전한 경우',15,4,1,'20110412'),(117,'20110412','10. 「도로교통법」 <P>제39조제2항에 따른 승객의 추락 방지의무</P>를 위반하여 운전한 경우',16,4,1,'20110412'),(118,'20110412','11. 「도로교통법」 제12조제3항에 따른 어린이 보호구역에서 같은 조 제1항에 따른 조치를 준수하고 어린이의 안전에 유의하면서 운전하여야 할 의무를 위반하여 어린이의 신체를 <P>상해(傷害)</P>에 이르게 한 경우',17,4,1,'20110412'),(119,'20110412','제4조<P>(보험 등에 가입된 경우의 특례)</P> ① 교통사고를 일으킨 차가 「보험업법」 <P>제4조, 제126조, 제127조 및 제128조, 「여객자동차 운수사업법」 제60조, 제61조</P> 또는 「화물자동차 운수사업법」 <P>제51조에 따른</P> 보험 또는 공제에 가입된 경우에는 제3조제2항 본문에 규정된 죄를 범한 <P>차</P>의 운전자에 대하여 공소를 제기할 수 없다. 다만, 다음 각 호의 어느 하나에 해당하는 경우에는 그러하지 아니하다.',18,4,1,'20110412'),(120,'20110412','1. (현행과 같음)',19,4,1,'20110412'),(121,'20110412','2. 피해자가 신체의 상해로 인하여 생명에 대한 위험이 발생하거나 <P>불구(不具)가 되거나 불치(不治) 또는 난치(難治)의 질병이 생긴</P> 경우',20,4,1,'20110412'),(122,'20110412','3. 보험계약 또는 공제계약이 <P>무효로 되거나 해지되거나 계약상의 면책 규정</P> 등으로 인하여 보험회사, 공제조합 또는 공제사업자의 보험금 또는 공제금 지급의무가 <P>없어진</P> 경우',21,4,1,'20110412'),(123,'20110412','③ 제1항의 보험 또는 공제에 가입된 사실은 보험회사, 공제조합 또는 공제사업자가 제2항의 취지를 <P>적은</P> 서면에 의하여 증명되어야 한다.',23,4,1,'20110412'),(124,'20110412','제5조(벌칙) ① 보험회사, 공제조합 또는 공제사업자의 사무를 처리하는 <P>사람이</P> 제4조제3항의 서면을 <P>거짓으로 작성한 경우</P>에는 3년 이하의 징역 또는 1천만원 이하의 벌금에 처한다.',24,4,1,'20110412'),(125,'20110412','② 제1항의 <P>거짓으로</P> 작성된 문서를 <P>그 정황</P>을 알고 <P>행사한 사람</P>도 제1항의 형과 <P>같은 형에 처한다</P>.',25,4,1,'20110412'),(126,'20110412','③ 보험회사, 공제조합 또는 공제사업자가 정당한 <P>사유 없이</P> 제4조제3항의 서면을 발급하지 <P>아니한 경우</P>에는 1년 이하의 징역 또는 300만원 이하의 벌금에 처한다.',26,4,1,'20110412'),(127,'20100125','제2조(정의) 이 법에서 사용하는 용어의 정의는 다음과 같다.',1,5,1,'20100125'),(128,'20100125','<P>1. “차”란 「도로교통법」 제2조제16호가목에 따른 차(車)와 「건설기계관리법」 제2조제1항제1호에 따른 건설기계를 말한다.</P>',2,5,1,'20100125'),(129,'20100125','2. (현행과 같음)',3,5,1,'20100125'),(130,'20100125','제3조(처벌의 특례) ①차의 운전자가 교통사고로 인하여 <P>「형법」</P> 제268조의 죄를 범한 때에는 5년 이하의 금고 또는 2천만원 이하의 벌금에 처한다.',4,5,1,'20100125'),(131,'20100125','1. <P>「도로교통법」</P> 제5조의 규정에 의한 신호기 또는 교통정리를 하는 경찰공무원등의 신호나 통행의 금지 또는 일시정지를 내용으로 하는 안전표지가 표시하는 지시에 위반하여 운전한 경우',6,5,1,'20100125'),(132,'20100125','2. <P>「도로교통법」</P> 제13조제3항의 규정에 위반하여 중앙선을 침범하거나 동법 제62조의 규정에 위반하여 횡단ㆍ유턴 또는 후진한 경우',7,5,1,'20100125'),(133,'20100125','3. <P>「도로교통법」</P> 제17조제1항 또는 제2항의 규정에 의한 제한속도를 매시 20킬로미터를 초과하여 운전한 경우',8,5,1,'20100125'),(134,'20100125','4. <P>「도로교통법」</P> 제21조제1항ㆍ제22조ㆍ제23조 또는 제60조제2항의 규정에 의한 앞지르기의 방법ㆍ금지시기ㆍ금지장소 또는 끼어들기의 금지에 위반하여 운전한 경우',9,5,1,'20100125'),(135,'20100125','5. <P>「도로교통법」</P> 제24조의 규정에 의한 건널목 통과방법을 위반하여 운전한 경우',10,5,1,'20100125'),(136,'20100125','6. <P>「도로교통법」</P> 제27조제1항의 규정에 의한 횡단보도에서의 보행자보호의무를 위반하여 운전한 경우',11,5,1,'20100125'),(137,'20100125','7. <P>「도로교통법」 제43조제1항, 「건설기계관리법」</P> 제26조 또는 <P>「도로교통법」</P> 제96조의 규정에 위반하여 운전면허 또는 건설기계조종사면허를 받지 아니하거나 국제운전면허증을 소지하지 아니하고 운전한 경우. 이 경우 운전면허 또는 건설기계조종사면허의 효력이 정지중에 있거나 운전의 금지중에 있는 때에는 운전면허 또는 건설기계조종사면허를 받지 아니하거나 국제운전면허증을 소지하지 아니한 것으로 본다.',12,5,1,'20100125'),(138,'20100125','8. <P>「도로교통법」</P> 제44조제1항의 규정에 위반하여 주취중에 운전을 하거나 동법 제45조의 규정에 위반하여 약물의 영향으로 정상한 운전을 하지 못할 염려가 있는 상태에서 운전한 경우',13,5,1,'20100125'),(139,'20100125','9. <P>「도로교통법」</P> 제13조제1항의 규정에 위반하여 보도가 설치된 도로의 보도를 침범하거나 동법 제13조제2항의 규정에 의한 보도횡단방법에 위반하여 운전한 경우',14,5,1,'20100125'),(140,'20100125','10. <P>「도로교통법」</P> 제39조제2항의 규정에 의한 승객의 추락방지의무를 위반하여 운전한 경우',15,5,1,'20100125'),(141,'20100125','11. (현행과 같음)',16,5,1,'20100125'),(142,'20100125','제4조(보험등에 가입된 경우의 특례) ①교통사고를 일으킨 차가 <P>「보험업법」</P> 제4조 및 <P>제126조부터 제128조까지, 「여객자동차 운수사업법」 제60조ㆍ제61조</P> 또는 「화물자동차 운수사업법」 <P>제51조에 따라</P> 보험 또는 공제에 가입된 경우에는 제3조제2항 본문에 규정된 죄를 범한 당해 차의 운전자에 대하여 공소를 제기할 수 없다. <P> 다만, 다음 각 호의 어느 하나에 해당하는 경우에는 그러하지 아니하다.</P>',17,5,1,'20100125'),(143,'20100125','<P>1. 제3조제2항 단서에 해당하는 경우</P>',18,5,1,'20100125'),(144,'20100125','<P>2. 피해자가 신체의 상해로 인하여 생명에 대한 위험이 발생하거나 불구(不具) 또는 불치(不治)나 난치(難治)의 질병에 이르게 된 경우</P>',19,5,1,'20100125'),(145,'20100125','<P>3. 보험계약 또는 공제계약이 무효 또는 해지되거나 계약상의 면책규정 등으로 인하여 보험회사, 공제조합 또는 공제사업자의 보험금 또는 공제금 지급의무가 없게 된 경우</P>',20,5,1,'20100125'),(146,'20100125','③제1항의 보험 또는 공제에 가입된 사실은 <P>보험회사, 공제조합</P> 또는 공제사업자가 제2항의 취지를 기재한 서면에 의하여 증명되어야 한다.',22,5,1,'20100125'),(147,'20100125','제5조(벌칙) ①<P>보험회사, 공제조합 또는 공제사업자</P>의 사무를 처리하는 자가 제4조제3항의 서면을 허위로 작성한 때에는 3년 이하의 징역 또는 1천만원 이하의 벌금에 처한다.',23,5,1,'20100125'),(148,'20100125','② (현행과 같음)',24,5,1,'20100125'),(149,'20100125','③<P>보험회사, 공제조합</P> 또는 공제사업자가 정당한 사유없이 제4조제3항의 서면을 발급하지 아니한 때에는 1년 이하의 징역 또는 300만원 이하의 벌금에 처한다.',25,5,1,'20100125'),(150,'20100125','제6조(양벌규정) 법인의 <P>대표자, 대리인, 사용인, 그 밖</P>의 종업원이 그 법인의 업무에 관하여 제5조의 위반행위를 <P>하면 그</P> 행위자를 벌하는 외에 그 <P>법인에도 해당 조문의 벌금형을 과(科)한다</P>. <P>다만, 법인이 그 위반행위를 방지하기 위하여 해당 업무에 관하여 상당한 주의와 감독을 게을리하지 아니한 경우에는 그러하지 아니하다.</P>',26,5,1,'20100125'),(151,'20080321','②·③ (현행과 같음)',2,6,1,'20080321'),(152,'20071221','<P>교통사고처리 특례법</P>',1,7,1,'20091222'),(153,'20071221','제3조(처벌의 특례) ① (현행과 같음)',2,7,1,'20091222'),(154,'20071221','1. ∼ 10. (현행과 같음)',4,7,1,'20091222'),(155,'20071221','<P>11. 「도로교통법」 제12조제3항에 따른 어린이 보호구역에서 같은 조 제1항에 따른 조치를 준수하고 어린이의 안전에 유의하면서 운전하여야 할 의무를 위반하여 어린이의 신체를 상해에 이르게 한 경우</P>',5,7,1,'20091222'),(156,'20050531','제2조(정의) 이 법에서 사용하는 용어의 정의는 다음과 같다.',1,8,1,'20060601'),(157,'20050531','1. “차”라 함은 도로교통법 <P>제2조제16호</P>의 규정에 의한 차와 건설기계관리법 제2조제1호의 규정에 의한 건설기계를 말한다.',2,8,1,'20060601'),(158,'20050531','2. (현행과 같음)',3,8,1,'20060601'),(159,'20050531','제3조(처벌의 특례) ① (현행과 같음)',4,8,1,'20060601'),(160,'20050531','1. (현행과 같음)',6,8,1,'20060601'),(161,'20050531','2. 도로교통법 <P>제13조제3항</P>의 규정에 위반하여 중앙선을 침범하거나 동법 <P>제62조</P>의 규정에 위반하여 횡단ㆍ유턴 또는 후진한 경우',7,8,1,'20060601'),(162,'20050531','3. 도로교통법 <P>제17조제1항</P> 또는 제2항의 규정에 의한 제한속도를 매시 20킬로미터를 초과하여 운전한 경우',8,8,1,'20060601'),(163,'20050531','4. 도로교통법 <P>제21조제1항ㆍ제22조ㆍ제23조 또는 제60조제2항</P>의 규정에 의한 앞지르기의 방법ㆍ금지시기ㆍ금지장소 또는 끼어들기의 금지에 위반하여 운전한 경우',9,8,1,'20060601'),(164,'20050531','5. 도로교통법 <P>제24조</P>의 규정에 의한 건널목 통과방법을 위반하여 운전한 경우',10,8,1,'20060601'),(165,'20050531','6. 도로교통법 <P>제27조제1항</P>의 규정에 의한 횡단보도에서의 보행자보호의무를 위반하여 운전한 경우',11,8,1,'20060601'),(166,'20050531','7. 도로교통법 <P>제43조제1항</P>, 건설기계관리법 제26조 또는 도로교통법 <P>제96조</P>의 규정에 위반하여 운전면허 또는 건설기계조종사면허를 받지 아니하거나 국제운전면허증을 소지하지 아니하고 운전한 경우. 이 경우 운전면허 또는 건설기계조종사면허의 효력이 정지중에 있거나 운전의 금지중에 있는 때에는 운전면허 또는 건설기계조종사면허를 받지 아니하거나 국제운전면허증을 소지하지 아니한 것으로 본다.',12,8,1,'20060601'),(167,'20050531','8. 도로교통법 <P>제44조제1항</P>의 규정에 위반하여 주취중에 운전을 하거나 동법 <P>제45조</P>의 규정에 위반하여 약물의 영향으로 정상한 운전을 하지 못할 염려가 있는 상태에서 운전한 경우',13,8,1,'20060601'),(168,'20050531','9. 도로교통법 <P>제13조제1항</P>의 규정에 위반하여 보도가 설치된 도로의 보도를 침범하거나 동법 <P>제13조제2항</P>의 규정에 의한 보도횡단방법에 위반하여 운전한 경우',14,8,1,'20060601'),(169,'20050531','10. 도로교통법 <P>제39조제2항</P>의 규정에 의한 승객의 추락방지의무를 위반하여 운전한 경우',15,8,1,'20060601'),(170,'20030529','제3조(처벌의 특례) ①차의 운전자가 교통사고로 인하여 형법 제268조의 죄를 범한 때에는 <P>5년 이하</P>의 금고 또는 <P>2천만원 이하</P>의 벌금에 처한다.',1,9,1,'20030830'),(171,'20030529','② (현행과 같음)',2,9,1,'20030830'),(172,'20030529','②·③ (현행과 같음)',4,9,1,'20030830'),(173,'20030529','제5조(벌칙) ①보험회사 또는 공제조합의 사무를 처리하는 자가 제4조제3항의 서면을 허위로 작성한 때에는 <P>3년 이하</P>의 징역 또는 <P>1천만원 이하</P>의 벌금에 처한다.',5,9,1,'20030830'),(174,'20030529','② (현행과 같음)',6,9,1,'20030830'),(175,'20030529','③보험사업자 또는 공제사업자가 정당한 사유없이 제4조제3항의 서면을 발급하지 아니한 때에는 <P>1년 이하</P>의 징역 또는 <P>300만원 이하</P>의 벌금에 처한다.',7,9,1,'20030830'),(176,'19960814','제2조(정의) 이 법에서 사용하는 용어의 정의는 다음과 같다.',1,10,1,'19960814'),(177,'19960814','1. “차”라 함은 도로교통법 제2조제13호의 규정에 의한 차와 <P>건설기계관리법</P> 제2조제1호의 규정에 의한 <P>건설기계</P>를 말한다.',2,10,1,'19960814'),(178,'19960814','2. (현행과 같음)',3,10,1,'19960814'),(179,'19960814','제3조(처벌의 특례) ①차의 운전자가 교통사고로 인하여 형법 제268조의 죄를 범한 때에는 5년이하의 금고 또는 <P>2천만원이하</P>의 벌금에 처한다.',4,10,1,'19960814'),(180,'19960814','1. ∼ 6. (현행과 같음)',6,10,1,'19960814'),(181,'19960814','7. 도로교통법 제40조제1항, <P>건설기계관리법 제26조</P> 또는 도로교통법 제80조의 규정에 위반하여 운전면허 또는 <P>건설기계조종사면허</P>를 받지 아니하거나 국제운전면허증을 소지하지 아니하고 운전한 경우. 이 경우 운전면허 또는 <P>건설기계조종사면허</P>의 효력이 정지중에 있거나 운전의 금지중에 있는 때에는 운전면허 또는 <P>건설기계조종사면허</P>를 받지 아니하거나 국제운전면허증을 소지하지 아니한 것으로 본다.',7,10,1,'19960814'),(182,'19960814','8. ∼ 10. (현행과 같음)',8,10,1,'19960814'),(183,'19960814','제5조(벌칙) ①보험회사 또는 공제조합의 사무를 처리하는 자가 제4조제3항의 서면을 허위로 작성한 때에는 3년이하의 징역 또는 <P>1천만원이하</P>의 벌금에 처한다.',9,10,1,'19960814'),(184,'19960814','② (현행과 같음)',10,10,1,'19960814'),(185,'19960814','③보험사업자 또는 공제사업자가 정당한 사유없이 제4조제3항의 서면을 발급하지 아니한 때에는 1년이하의 징역 또는 <P>300만원이하</P>의 벌금에 처한다.',11,10,1,'19960814');
/*!40000 ALTER TABLE `accident_law` ENABLE KEYS */;
UNLOCK TABLES;

--
-- Table structure for table `ai`
--

DROP TABLE IF EXISTS `ai`;
/*!40101 SET @saved_cs_client     = @@character_set_client */;
/*!50503 SET character_set_client = utf8mb4 */;
CREATE TABLE `ai` (
  `ai_index` bigint NOT NULL AUTO_INCREMENT,
  `ai_other_fault` int DEFAULT NULL,
  `ai_related_information` text,
  `ai_related_law` text,
  `ai_user_fault` int DEFAULT NULL,
  `ai_created_at` datetime(6) NOT NULL,
  `is_uploaded` bit(1) DEFAULT NULL,
  `thumbnail1` varchar(255) DEFAULT NULL,
  `thumbnail2` varchar(255) DEFAULT NULL,
  `thumbnail3` varchar(255) DEFAULT NULL,
  `thumbnail4` varchar(255) DEFAULT NULL,
  `ai_video_url` varchar(255) DEFAULT NULL,
  `user_index` bigint NOT NULL,
  `ai_description` text,
  `ai_explanation` text,
  `ai_result` text,
  PRIMARY KEY (`ai_index`),
  KEY `FKp49ja5xm5j5pj1yur1ckek5pb` (`user_index`),
  CONSTRAINT `FKp49ja5xm5j5pj1yur1ckek5pb` FOREIGN KEY (`user_index`) REFERENCES `user` (`user_index`)
) ENGINE=InnoDB AUTO_INCREMENT=14 DEFAULT CHARSET=utf8mb4 COLLATE=utf8mb4_0900_ai_ci;
/*!40101 SET character_set_client = @saved_cs_client */;

--
-- Dumping data for table `ai`
--

LOCK TABLES `ai` WRITE;
/*!40000 ALTER TABLE `ai` DISABLE KEYS */;
INSERT INTO `ai` VALUES (1,30,NULL,'관련 판례를 찾지 못하였습니다.',70,'2024-10-10 16:19:08.870187',_binary '','https://whitebox-lawyer-vertify.s3.ap-northeast-2.amazonaws.com/thumbnails/aaaa2390-6068-4299-962b-3dc20674132d.jpg','https://whitebox-lawyer-vertify.s3.ap-northeast-2.amazonaws.com/thumbnails/b2b56481-b5bb-4c0b-b367-0134f830745f.jpg','https://whitebox-lawyer-vertify.s3.ap-northeast-2.amazonaws.com/thumbnails/4d7d1e12-acd8-4442-ac9e-dab9d0d643a1.jpg','https://whitebox-lawyer-vertify.s3.ap-northeast-2.amazonaws.com/thumbnails/540845f6-3a3d-4c00-81a0-825318e418f3.jpg','https://whitebox-lawyer-vertify.s3.ap-northeast-2.amazonaws.com/videos/fe72541c-2e5d-4b6b-847c-73f4e9ab0798.mp4',17,'사고는 직선 도로에서 발생했습니다. 사용자는 선행 차량으로 진행 중에 진로를 변경하였고, 상대차량은 후행 차량으로서 직진 중이었습니다. 이는 사용자가 차로를 변경하는 과정에서 상대차량과 충돌한 것으로 보입니다.','사고의 과실 비율은 사용자가 70%, 상대차량이 30%로 판단되었습니다. 이는 사용자가 선행 차량으로서 진로 변경 시 주변 상황을 충분히 파악하지 못하고 안전한 차로 변경을 하지 못한 것으로 보입니다. 반면, 상대차량은 후행 차량으로서 앞서 진행하는 차량의 움직임을 예측하고 이에 대응하는 책임이 있으나, 이를 완전히 이행하지 못한 것으로 판단되어 30%의 과실이 있다고 보았습니다. 참고 자료 정보에 따르면, 판례 내용에서 201116에 해당하는 파일을 찾을 수 없으므로, 이 사고에 대한 구체적인 판례를 참조하기는 어렵습니다.','일반적으로, 선행 차량이 후행 차량과 충돌할 경우, 선행 차량의 과실이 크게 인정되는 경우가 많습니다. 이는 선행 차량이 후행 차량에 대한 주의 의무를 다하지 못한 경우이며, 특히 차로 변경 시에는 더욱 그렇습니다. 따라서 이 사고에서도 사용자의 과실이 크게 인정되는 것이 타당하며, 상대차량 역시 일정 부분의 과실이 있는 것으로 판단됩니다.'),(2,100,NULL,'관련 판례를 찾지 못하였습니다.',0,'2024-10-10 16:42:15.366674',_binary '\0','https://whitebox-lawyer-vertify.s3.ap-northeast-2.amazonaws.com/thumbnails/8d594764-deee-4a1f-a94f-2586a6c807a2.jpg','https://whitebox-lawyer-vertify.s3.ap-northeast-2.amazonaws.com/thumbnails/d97ffa5b-533b-44f2-bc81-18b34f6ceb6c.jpg','https://whitebox-lawyer-vertify.s3.ap-northeast-2.amazonaws.com/thumbnails/ea60598d-f4d9-4740-8a8b-0fcd89d6c8bf.jpg','https://whitebox-lawyer-vertify.s3.ap-northeast-2.amazonaws.com/thumbnails/4beeb253-7e71-48d9-b63c-15d487bfd511.jpg','https://whitebox-lawyer-vertify.s3.ap-northeast-2.amazonaws.com/videos/1fddc540-24e1-4073-8e38-2abd50a9ed15.mp4',17,'사고는 직선 도로에서 발생했습니다. 사용자는 선행 직진 중이었고, 상대차량은 후행 추돌로 사고가 발생했습니다. 이는 상대차량이 사용자의 차량을 뒤에서 충돌한 것을 의미합니다.','상대차량의 과실 비율이 100%이고, 사용자의 과실 비율이 0%로 나타났습니다. 이는 상대차량이 사용자의 차량을 뒤에서 추돌한 것으로, 일반적으로 후행 차량이 선행 차량을 추돌하는 경우, 후행 차량에게 과실이 있다고 판단되기 때문입니다. 참고 자료 정보에 따르면, 판례내용에서 201116에 해당하는 파일을 찾을 수 없으므로, 이 사건에 대한 구체적인 판례를 참조할 수 없습니다.','그러나 일반적으로 교통사고에서 후행 차량이 선행 차량을 추돌한 경우, 후행 차량에게 과실이 있다고 판단됩니다. 따라서 이 사건에서도 상대차량에게 전적으로 과실이 있다고 판단됩니다.'),(3,10,NULL,'관련 판례를 찾지 못하였습니다.',90,'2024-10-10 18:29:39.832985',_binary '','https://whitebox-lawyer-vertify.s3.ap-northeast-2.amazonaws.com/thumbnails/d5d651fc-e84a-4000-b627-018d3ff4e16a.jpg','https://whitebox-lawyer-vertify.s3.ap-northeast-2.amazonaws.com/thumbnails/ee162e44-e645-4992-9092-c2d9041e21c3.jpg','https://whitebox-lawyer-vertify.s3.ap-northeast-2.amazonaws.com/thumbnails/bd029c2a-32a4-4fe9-a2bf-a8cc47eee0ca.jpg','https://whitebox-lawyer-vertify.s3.ap-northeast-2.amazonaws.com/thumbnails/13a08d6a-4491-4fe7-91b4-519e68644a44.jpg','https://whitebox-lawyer-vertify.s3.ap-northeast-2.amazonaws.com/video/mp4/152fb7ef-1197-4d42-91f7-70ac091167a1.mp4',17,'사고는 회전교차로에서 발생했습니다. 회전교차로는 차량이 다른 차량의 진행 방향을 방해하지 않고 회전할 수 있도록 설계된 교차로입니다. 상대차량은 회전 1차로에서 진행하고 있었고, 사용자는 회전교차로에 대진입하려고 했습니다. 이는 사용자가 상대차량의 진행을 방해했을 가능성이 높습니다.','사고의 과실 비율은 상대차량이 10%, 사용자가 90%로 판정되었습니다. 이는 사용자가 회전교차로에 진입하면서 상대차량의 진행을 방해했을 가능성이 높기 때문입니다. 회전교차로에서는 진입하는 차량이 이미 교차로 내에 있는 차량의 진행을 방해하지 않아야 합니다. 따라서 사용자의 과실 비율이 높게 측정된 것으로 보입니다.','사고에 대한 법적 기준에 따르면, 회전교차로에서 진입하는 차량은 이미 교차로 내에 있는 차량의 진행을 방해하지 않아야 합니다. 이 사건에서 사용자는 이를 위반하였으므로, 과실 비율이 높게 측정된 것으로 보입니다. 참고 자료 정보에 따르면, 유사한 사고에서도 사용자의 과실 비율이 높게 측정되었습니다. 따라서 이 사건에서 사용자의 과실 비율이 90%로 판정된 것은 타당하다고 볼 수 있습니다.'),(4,30,NULL,'관련 판례를 찾지 못하였습니다.',70,'2024-10-10 19:55:59.452223',_binary '','https://whitebox-lawyer-vertify.s3.ap-northeast-2.amazonaws.com/thumbnails/941500d9-4d63-47de-a119-5c066aaccb66.jpg','https://whitebox-lawyer-vertify.s3.ap-northeast-2.amazonaws.com/thumbnails/3ba06fca-3bdb-4ad9-a08e-c0e8edcd1544.jpg','https://whitebox-lawyer-vertify.s3.ap-northeast-2.amazonaws.com/thumbnails/07e33338-096e-4673-8c13-6959b7732e8a.jpg','https://whitebox-lawyer-vertify.s3.ap-northeast-2.amazonaws.com/thumbnails/e56859ee-e707-4cb4-903d-5b96c19e05bc.jpg','https://whitebox-lawyer-vertify.s3.ap-northeast-2.amazonaws.com/videos/a2aa34e2-b366-4d60-8784-efa7238c10ad.mp4',17,'사고는 직선 도로에서 발생했습니다. 사용자는 선행 차량으로 진로를 변경하려고 했고, 상대 차량은 후행 차량으로 직진하고 있었습니다. 이 경우, 사용자가 선행 차량으로서 진로 변경을 시도할 때는 뒤쪽의 차량이 가까이 다가오지 않았는지 확인해야 합니다. 그러나 사용자는 이를 충분히 확인하지 않고 진로 변경을 시도했을 가능성이 있습니다.','사고의 과실 비율은 사용자가 70%, 상대 차량이 30%로 판단되었습니다. 이는 사용자가 선행 차량으로서 안전한 진로 변경을 위한 충분한 주의를 기울이지 않았을 가능성이 높기 때문입니다. 반면, 상대 차량은 후행 차량으로서 앞서 가는 차량의 움직임에 주의를 기울여야 하지만, 사용자의 진로 변경을 예측하지 못했을 수 있습니다. 이로 인해 상대 차량에도 일정한 과실이 있다고 판단되었습니다. 참고 자료 정보에 따르면, 판례내용에서 180317에 해당하는 파일을 찾을 수 없으므로, 이 사건에 대한 구체적인 판례를 참조할 수 없습니다.','사고 상황과 과실 비율을 종합적으로 고려할 때, 사용자의 주요 과실로 판단됩니다. 사용자는 선행 차량으로서 안전한 진로 변경을 위한 충분한 주의를 기울이지 않았을 가능성이 높습니다. 그러나 상대 차량 역시 후행 차량으로서 앞서 가는 차량의 움직임에 주의를 기울여야 하는 의무를 다하지 못했을 수 있습니다. 따라서, 사용자의 과실이 상대 차량의 과실보다 높게 평가되었습니다.'),(5,0,NULL,'관련 판례를 찾지 못하였습니다.',100,'2024-10-10 20:02:39.950935',_binary '\0','https://whitebox-lawyer-vertify.s3.ap-northeast-2.amazonaws.com/thumbnails/b97a6ef4-6475-4bde-92e4-a52a2a56522c.jpg','https://whitebox-lawyer-vertify.s3.ap-northeast-2.amazonaws.com/thumbnails/368da8f7-820e-4d15-bb2c-8dbebbd9f957.jpg','https://whitebox-lawyer-vertify.s3.ap-northeast-2.amazonaws.com/thumbnails/b058eddc-8862-4386-b07b-d4e9a215ee5e.jpg','https://whitebox-lawyer-vertify.s3.ap-northeast-2.amazonaws.com/thumbnails/a219e3a8-d3f0-44f0-bf87-b0f02f906fc9.jpg','https://whitebox-lawyer-vertify.s3.ap-northeast-2.amazonaws.com/videos/ae9cf667-155d-42b8-8e77-f7c3c333b0d4.mp4',17,'사고는 신호등이 있는 사거리 교차로에서 발생했습니다. 상대 차량은 녹색 신호를 받고 직진하던 중, 사용자의 차량이 적색 신호를 무시하고 직진하여 상대 차량이 측면 방향에서 진입하는 사고 상황이었습니다.','사고의 과실 비율은 사용자가 100%, 상대 차량이 0%로 판단되었습니다. 이는 사용자가 적색 신호를 무시하고 직진하여 사고를 유발한 것으로 보아, 사용자의 과실이 크다고 판단되었습니다. 반면, 상대 차량은 녹색 신호에 따라 정상적으로 직진하던 중 사고가 발생했으므로 과실이 없다고 판단되었습니다. 참고 자료 정보에 따르면, 판례 내용에서 180315에 해당하는 파일을 찾을 수 없으므로, 이 사건에 대한 판례를 참고할 수 없습니다.','사고 발생 상황과 과실 비율을 종합적으로 고려할 때, 사용자는 신호 위반으로 인한 사고 책임이 전적으로 있다고 판단됩니다. 이는 일반적인 교통법규와 관행에 따른 것으로, 신호를 준수하지 않아 발생하는 사고에 대한 책임은 신호를 위반한 운전자에게 있습니다.'),(6,0,NULL,'관련 판례를 찾지 못하였습니다.',100,'2024-10-10 20:13:05.218201',_binary '','https://whitebox-lawyer-vertify.s3.ap-northeast-2.amazonaws.com/thumbnails/365fa529-390e-4a8a-b701-587d862287a6.jpg','https://whitebox-lawyer-vertify.s3.ap-northeast-2.amazonaws.com/thumbnails/4400fce9-e600-4c20-a9e3-f4ab8c400cdf.jpg','https://whitebox-lawyer-vertify.s3.ap-northeast-2.amazonaws.com/thumbnails/4a5ed1aa-8bf8-40fe-b2f7-ef75e186b592.jpg','https://whitebox-lawyer-vertify.s3.ap-northeast-2.amazonaws.com/thumbnails/f693de36-cf4c-43f1-8357-93be25dd02f8.jpg','https://whitebox-lawyer-vertify.s3.ap-northeast-2.amazonaws.com/videos/05c1b27e-d7aa-4dd9-965b-16d2d94fd466.mp4',17,'사고는 신호등이 있는 사거리 교차로에서 발생했습니다. 상대 차량은 녹색 신호를 받고 직진하던 중, 사용자의 차량이 적색 신호를 무시하고 직진하여 상대 차량이 측면 방향에서 진입하는 사고 상황이었습니다.','사고의 과실 비율은 사용자가 100%, 상대 차량이 0%로 판단되었습니다. 이는 사용자가 적색 신호를 무시하고 직진하여 사고를 유발한 것으로 보아, 사용자의 과실이 크다고 판단되었습니다. 반면, 상대 차량은 녹색 신호에 따라 정상적으로 직진하던 중 사고가 발생했으므로 과실이 없다고 판단되었습니다. 참고 자료 정보에 따르면, 판례 내용에서 180315에 해당하는 파일을 찾을 수 없으므로, 이 사건에 대한 판례를 참고할 수 없습니다.','사고 발생 상황과 과실 비율을 종합적으로 고려할 때, 사용자는 신호 위반으로 인한 사고 책임이 전적으로 있다고 판단됩니다. 이는 일반적인 교통법규와 관행에 따른 것으로, 신호를 준수하지 않아 발생하는 사고에 대한 책임은 신호를 위반한 운전자에게 있습니다.'),(7,30,NULL,'관련 판례를 찾지 못하였습니다.',70,'2024-10-10 20:21:36.924938',_binary '','https://whitebox-lawyer-vertify.s3.ap-northeast-2.amazonaws.com/thumbnails/060bf6e9-ced7-45d9-9c57-3298787fdebf.jpg','https://whitebox-lawyer-vertify.s3.ap-northeast-2.amazonaws.com/thumbnails/ae8fa290-f698-450a-909c-fa42da45bc97.jpg','https://whitebox-lawyer-vertify.s3.ap-northeast-2.amazonaws.com/thumbnails/d48effa1-c44e-486f-8b5d-d3cd6e18e9db.jpg','https://whitebox-lawyer-vertify.s3.ap-northeast-2.amazonaws.com/thumbnails/fef48793-3807-4a15-af75-46d4a4ec3ac8.jpg','https://whitebox-lawyer-vertify.s3.ap-northeast-2.amazonaws.com/videos/2ba477d7-f288-4a69-9148-47b0e01018a6.mp4',17,'사고는 직선 도로에서 발생했습니다. 사용자는 선행 차량으로 진로를 변경하려고 했고, 상대 차량은 후행 차량으로 직진하고 있었습니다. 이 경우, 사용자가 선행 차량으로서 진로 변경을 시도할 때는 뒤쪽의 차량이 가까이 다가오지 않았는지 확인해야 합니다. 그러나 사용자는 이를 충분히 확인하지 않고 진로 변경을 시도했을 가능성이 있습니다.','사고의 과실 비율은 사용자가 70%, 상대 차량이 30%로 판단되었습니다. 이는 사용자가 선행 차량으로서 안전한 진로 변경을 위한 충분한 주의를 기울이지 않았을 가능성이 높기 때문입니다. 반면, 상대 차량은 후행 차량으로서 앞서 가는 차량의 움직임에 주의를 기울여야 하지만, 사용자의 진로 변경을 예측하지 못했을 수 있습니다. 이로 인해 상대 차량에도 일정한 과실이 있다고 판단되었습니다. 참고 자료 정보에 따르면, 판례내용에서 180317에 해당하는 파일을 찾을 수 없으므로, 이 사건에 대한 구체적인 판례를 참조할 수 없습니다.','사고 상황과 과실 비율을 종합적으로 고려할 때, 사용자의 주요 과실로 판단됩니다. 사용자는 선행 차량으로서 안전한 진로 변경을 위한 충분한 주의를 기울이지 않았을 가능성이 높습니다. 그러나 상대 차량 역시 후행 차량으로서 앞서 가는 차량의 움직임에 주의를 기울여야 하는 의무를 다하지 못했을 수 있습니다. 따라서, 사용자의 과실이 상대 차량의 과실보다 높게 평가되었습니다.'),(8,10,NULL,'관련 판례를 찾지 못하였습니다.',90,'2024-10-10 20:24:03.482250',_binary '\0','https://whitebox-lawyer-vertify.s3.ap-northeast-2.amazonaws.com/thumbnails/4dc619a1-b5fa-49ec-97b0-c95ea6abcaab.jpg','https://whitebox-lawyer-vertify.s3.ap-northeast-2.amazonaws.com/thumbnails/ede6704f-8ade-43d0-850b-9a82413ed88a.jpg','https://whitebox-lawyer-vertify.s3.ap-northeast-2.amazonaws.com/thumbnails/10c29673-24c1-4298-95fb-ed938baa4a5f.jpg','https://whitebox-lawyer-vertify.s3.ap-northeast-2.amazonaws.com/thumbnails/1cf31e41-b1a4-4599-8af8-44a15a4f615a.jpg','https://whitebox-lawyer-vertify.s3.ap-northeast-2.amazonaws.com/videos/95a60887-d06a-4edc-adb7-12d841230213.mp4',17,'사고는 회전교차로에서 발생했습니다. 회전교차로는 차량이 다른 차량의 진행 방향을 방해하지 않고 회전할 수 있도록 설계된 교차로입니다. 상대차량은 회전 1차로에서 진행하고 있었고, 사용자는 회전교차로에 대진입하려고 했습니다. 이는 사용자가 상대차량의 진행을 방해했을 가능성이 높습니다.','사고의 과실 비율은 상대차량이 10%, 사용자가 90%로 판정되었습니다. 이는 사용자가 회전교차로에 진입하면서 상대차량의 진행을 방해했을 가능성이 높기 때문입니다. 회전교차로에서는 진입하는 차량이 이미 교차로 내에 있는 차량의 진행을 방해하지 않아야 합니다. 따라서 사용자의 과실 비율이 높게 측정된 것으로 보입니다.','사고에 대한 법적 기준에 따르면, 회전교차로에서 진입하는 차량은 이미 교차로 내에 있는 차량의 진행을 방해하지 않아야 합니다. 이 사건에서 사용자는 이를 위반하였으므로, 과실 비율이 높게 측정된 것으로 보입니다. 참고 자료 정보에 따르면, 유사한 사고에서도 사용자의 과실 비율이 높게 측정되었습니다. 따라서 이 사건에서 사용자의 과실 비율이 90%로 판정된 것은 타당하다고 볼 수 있습니다.'),(9,100,NULL,'관련 판례를 찾지 못하였습니다.',0,'2024-10-10 20:44:16.307805',_binary '\0','https://whitebox-lawyer-vertify.s3.ap-northeast-2.amazonaws.com/thumbnails/bb69313b-8e34-49ee-8412-7724586ba326.jpg','https://whitebox-lawyer-vertify.s3.ap-northeast-2.amazonaws.com/thumbnails/e2dccdcb-6cd6-4a8c-96d2-2d977a8fd469.jpg','https://whitebox-lawyer-vertify.s3.ap-northeast-2.amazonaws.com/thumbnails/f41fd0fd-60b5-4bf9-9a65-8f27ad7c9bc0.jpg','https://whitebox-lawyer-vertify.s3.ap-northeast-2.amazonaws.com/thumbnails/3bc2da41-9cca-4fc9-bd72-b1efe4b04d09.jpg','https://whitebox-lawyer-vertify.s3.ap-northeast-2.amazonaws.com/videos/fedf4127-8003-4037-a092-dda0c4235cc3.mp4',24,'사고는 직선 도로에서 발생했습니다. 사용자는 선행 직진 중이었고, 상대차량은 후행 추돌로 사고가 발생했습니다. 이는 상대차량이 사용자의 차량을 뒤에서 충돌한 것을 의미합니다.','상대차량의 과실 비율이 100%이고, 사용자의 과실 비율이 0%로 나타났습니다. 이는 상대차량이 사용자의 차량을 뒤에서 추돌한 것으로, 일반적으로 후행 차량이 선행 차량을 추돌하는 경우, 후행 차량에게 과실이 있다고 판단되기 때문입니다. 참고 자료 정보에 따르면, 판례내용에서 201116에 해당하는 파일을 찾을 수 없으므로, 이 사건에 대한 구체적인 판례를 참조할 수 없습니다.','그러나 일반적으로 교통사고에서 후행 차량이 선행 차량을 추돌한 경우, 후행 차량에게 과실이 있다고 판단됩니다. 따라서 이 사건에서도 상대차량에게 전적으로 과실이 있다고 판단됩니다.'),(10,10,NULL,'관련 판례를 찾지 못하였습니다.',90,'2024-10-10 21:18:41.219717',_binary '\0','https://whitebox-lawyer-vertify.s3.ap-northeast-2.amazonaws.com/thumbnails/c5fae45b-90cb-4e78-9f9b-002491bd3e94.jpg','https://whitebox-lawyer-vertify.s3.ap-northeast-2.amazonaws.com/thumbnails/c3b2132f-0b99-4b99-992c-38ce83191594.jpg','https://whitebox-lawyer-vertify.s3.ap-northeast-2.amazonaws.com/thumbnails/b737d251-1eb9-45eb-936e-0be3ebc8d645.jpg','https://whitebox-lawyer-vertify.s3.ap-northeast-2.amazonaws.com/thumbnails/c855953c-b3cc-4ffd-b8e3-eaa44db9fa6b.jpg','https://whitebox-lawyer-vertify.s3.ap-northeast-2.amazonaws.com/videos/aa6b6ccb-bbc9-4028-bc15-903c2b75a47c.mp4',17,'사고는 회전교차로에서 발생했습니다. 회전교차로는 차량이 다른 차량의 진행 방향을 방해하지 않고 회전할 수 있도록 설계된 교차로입니다. 상대차량은 회전 1차로에서 진행하고 있었고, 사용자는 회전교차로에 대진입하려고 했습니다. 이는 사용자가 상대차량의 진행을 방해했을 가능성이 높습니다.','사고의 과실 비율은 상대차량이 10%, 사용자가 90%로 판정되었습니다. 이는 사용자가 회전교차로에 진입하면서 상대차량의 진행을 방해했을 가능성이 높기 때문입니다. 회전교차로에서는 진입하는 차량이 이미 교차로 내에 있는 차량의 진행을 방해하지 않아야 합니다. 따라서 사용자의 과실 비율이 높게 측정된 것으로 보입니다.','사고에 대한 법적 기준에 따르면, 회전교차로에서 진입하는 차량은 이미 교차로 내에 있는 차량의 진행을 방해하지 않아야 합니다. 이 사건에서 사용자는 이를 위반하였으므로, 과실 비율이 높게 측정된 것으로 보입니다. 참고 자료 정보에 따르면, 유사한 사고에서도 사용자의 과실 비율이 높게 측정되었습니다. 따라서 이 사건에서 사용자의 과실 비율이 90%로 판정된 것은 타당하다고 볼 수 있습니다.'),(11,10,NULL,'관련 판례를 찾지 못하였습니다.',90,'2024-10-11 10:06:12.340596',_binary '','https://whitebox-lawyer-vertify.s3.ap-northeast-2.amazonaws.com/thumbnails/b8ba1a82-4fb9-4f3b-989d-8e994946587e.jpg','https://whitebox-lawyer-vertify.s3.ap-northeast-2.amazonaws.com/thumbnails/3b4f841a-72e3-4991-8588-947be6f00c68.jpg','https://whitebox-lawyer-vertify.s3.ap-northeast-2.amazonaws.com/thumbnails/670b5bd4-b2cb-4cd1-a9d6-2fd1ae4c0950.jpg','https://whitebox-lawyer-vertify.s3.ap-northeast-2.amazonaws.com/thumbnails/444033bc-e8de-4aab-9c02-3f6940f85588.jpg','https://whitebox-lawyer-vertify.s3.ap-northeast-2.amazonaws.com/videos/a58dd2c3-bb2a-41ce-b553-edf406933276.mp4',19,'사고는 회전교차로에서 발생했습니다. 회전교차로는 차량이 다른 차량의 진행 방향을 방해하지 않고 회전할 수 있도록 설계된 교차로입니다. 상대차량은 회전 1차로에서 진행하고 있었고, 사용자는 회전교차로에 대진입하려고 했습니다. 이는 사용자가 상대차량의 진행을 방해했을 가능성이 높습니다.','사고의 과실 비율은 상대차량이 10%, 사용자가 90%로 판정되었습니다. 이는 사용자가 회전교차로에 진입하면서 상대차량의 진행을 방해했을 가능성이 높기 때문입니다. 회전교차로에서는 진입하는 차량이 이미 교차로 내에 있는 차량의 진행을 방해하지 않아야 합니다. 따라서 사용자의 과실 비율이 높게 측정된 것으로 보입니다.','사고에 대한 법적 기준에 따르면, 회전교차로에서 진입하는 차량은 이미 교차로 내에 있는 차량의 진행을 방해하지 않아야 합니다. 이 사건에서 사용자는 이를 위반하였으므로, 과실 비율이 높게 측정된 것으로 보입니다. 참고 자료 정보에 따르면, 유사한 사고에서도 사용자의 과실 비율이 높게 측정되었습니다. 따라서 이 사건에서 사용자의 과실 비율이 90%로 판정된 것은 타당하다고 볼 수 있습니다.'),(12,0,NULL,'관련 판례를 찾지 못하였습니다.',100,'2024-10-11 10:16:01.191548',_binary '\0','https://whitebox-lawyer-vertify.s3.ap-northeast-2.amazonaws.com/thumbnails/1eba4e73-d1d5-43df-9852-333136e8bebf.jpg','https://whitebox-lawyer-vertify.s3.ap-northeast-2.amazonaws.com/thumbnails/183e209e-86e4-484b-be77-0661d30e3576.jpg','https://whitebox-lawyer-vertify.s3.ap-northeast-2.amazonaws.com/thumbnails/1d4f12e3-ba67-44cc-bd5b-31e8181f2c41.jpg','https://whitebox-lawyer-vertify.s3.ap-northeast-2.amazonaws.com/thumbnails/aae441d2-e1b6-40a4-a9e0-f3c1bab40713.jpg','https://whitebox-lawyer-vertify.s3.ap-northeast-2.amazonaws.com/videos/cc92a2bf-97ee-4c7a-86ab-9037c71e0795.mp4',22,'사고는 신호등이 있는 사거리 교차로에서 발생했습니다. 상대 차량은 녹색 신호를 받고 직진하던 중, 사용자의 차량이 적색 신호를 무시하고 직진하여 상대 차량이 측면 방향에서 진입하는 사고 상황이었습니다.','사고의 과실 비율은 사용자가 100%, 상대 차량이 0%로 판단되었습니다. 이는 사용자가 적색 신호를 무시하고 직진하여 사고를 유발한 것으로 보아, 사용자의 과실이 크다고 판단되었습니다. 반면, 상대 차량은 녹색 신호에 따라 정상적으로 직진하던 중 사고가 발생했으므로 과실이 없다고 판단되었습니다. 참고 자료 정보에 따르면, 판례 내용에서 180315에 해당하는 파일을 찾을 수 없으므로, 이 사건에 대한 판례를 참고할 수 없습니다.','사고 발생 상황과 과실 비율을 종합적으로 고려할 때, 사용자는 신호 위반으로 인한 사고 책임이 전적으로 있다고 판단됩니다. 이는 일반적인 교통법규와 관행에 따른 것으로, 신호를 준수하지 않아 발생하는 사고에 대한 책임은 신호를 위반한 운전자에게 있습니다.'),(13,100,NULL,'관련 판례를 찾지 못하였습니다.',0,'2024-10-11 10:20:14.952661',_binary '\0','https://whitebox-lawyer-vertify.s3.ap-northeast-2.amazonaws.com/thumbnails/f9b407d6-3d3e-40c8-aa50-6ae582e96887.jpg','https://whitebox-lawyer-vertify.s3.ap-northeast-2.amazonaws.com/thumbnails/1e91933d-5ac5-4308-96df-fbebcb5dc623.jpg','https://whitebox-lawyer-vertify.s3.ap-northeast-2.amazonaws.com/thumbnails/927c8052-244b-44ae-83ab-8cdb5cd01b6e.jpg','https://whitebox-lawyer-vertify.s3.ap-northeast-2.amazonaws.com/thumbnails/a3a25dab-c8cf-49d1-8656-fec71dda1348.jpg','https://whitebox-lawyer-vertify.s3.ap-northeast-2.amazonaws.com/videos/063a9467-e2ac-48d2-8667-c32664d39c6b.mp4',24,'사고는 직선 도로에서 발생했습니다. 사용자는 선행 직진 중이었고, 상대차량은 후행 추돌로 사고가 발생했습니다. 이는 상대차량이 사용자의 차량을 뒤에서 충돌한 것을 의미합니다.','상대차량의 과실 비율이 100%이고, 사용자의 과실 비율이 0%로 나타났습니다. 이는 상대차량이 사용자의 차량을 뒤에서 추돌한 것으로, 일반적으로 후행 차량이 선행 차량을 추돌하는 경우, 후행 차량에게 과실이 있다고 판단되기 때문입니다. 참고 자료 정보에 따르면, 판례내용에서 201116에 해당하는 파일을 찾을 수 없으므로, 이 사건에 대한 구체적인 판례를 참조할 수 없습니다.','그러나 일반적으로 교통사고에서 후행 차량이 선행 차량을 추돌한 경우, 후행 차량에게 과실이 있다고 판단됩니다. 따라서 이 사건에서도 상대차량에게 전적으로 과실이 있다고 판단됩니다.');
/*!40000 ALTER TABLE `ai` ENABLE KEYS */;
UNLOCK TABLES;

--
-- Table structure for table `community`
--

DROP TABLE IF EXISTS `community`;
/*!40101 SET @saved_cs_client     = @@character_set_client */;
/*!50503 SET character_set_client = utf8mb4 */;
CREATE TABLE `community` (
  `com_index` bigint NOT NULL AUTO_INCREMENT,
  `com_created_at` datetime(6) NOT NULL,
  `com_description` varchar(255) NOT NULL,
  `com_hit` int NOT NULL,
  `com_is_image` bit(1) NOT NULL,
  `com_title` varchar(255) NOT NULL,
  `user_index` bigint NOT NULL,
  PRIMARY KEY (`com_index`),
  KEY `FKbm2eac9w0nhd66pmhuvpg3f4q` (`user_index`),
  CONSTRAINT `FKbm2eac9w0nhd66pmhuvpg3f4q` FOREIGN KEY (`user_index`) REFERENCES `user` (`user_index`)
) ENGINE=InnoDB AUTO_INCREMENT=43 DEFAULT CHARSET=utf8mb4 COLLATE=utf8mb4_0900_ai_ci;
/*!40101 SET character_set_client = @saved_cs_client */;

--
-- Dumping data for table `community`
--

LOCK TABLES `community` WRITE;
/*!40000 ALTER TABLE `community` DISABLE KEYS */;
INSERT INTO `community` VALUES (38,'2024-10-10 14:35:31.542638','반갑습니다.',89,_binary '','안녕하세요 차재훈입니다.',19),(39,'2024-10-10 14:50:37.512478','1',25,_binary '\0','이거는 우거지 저거는 개그지',21),(40,'2024-10-10 15:25:10.060992','ㅎㅇㅎㅇ',10,_binary '\0','ㅎㅇㅎㅇ',22),(41,'2024-10-10 16:41:05.398195','사실 고양이지',27,_binary '','강아지',17),(42,'2024-10-10 19:25:30.039739','여기는 일반 게시판 입니다.',12,_binary '\0','여기는 일반 게시판 입니다.',24);
/*!40000 ALTER TABLE `community` ENABLE KEYS */;
UNLOCK TABLES;

--
-- Table structure for table `community_comment`
--

DROP TABLE IF EXISTS `community_comment`;
/*!40101 SET @saved_cs_client     = @@character_set_client */;
/*!50503 SET character_set_client = utf8mb4 */;
CREATE TABLE `community_comment` (
  `id` bigint NOT NULL AUTO_INCREMENT,
  `comment` varchar(255) DEFAULT NULL,
  `posted_at` datetime(6) DEFAULT NULL,
  `community_id` bigint DEFAULT NULL,
  `user_id` bigint DEFAULT NULL,
  PRIMARY KEY (`id`),
  KEY `FK5s7mlxnl3exdg2iy49qjpjsp7` (`community_id`),
  KEY `FK9oaji7qtsspwvxbp5yuy5a5em` (`user_id`),
  CONSTRAINT `FK5s7mlxnl3exdg2iy49qjpjsp7` FOREIGN KEY (`community_id`) REFERENCES `community` (`com_index`),
  CONSTRAINT `FK9oaji7qtsspwvxbp5yuy5a5em` FOREIGN KEY (`user_id`) REFERENCES `user` (`user_index`)
) ENGINE=InnoDB AUTO_INCREMENT=30 DEFAULT CHARSET=utf8mb4 COLLATE=utf8mb4_0900_ai_ci;
/*!40101 SET character_set_client = @saved_cs_client */;

--
-- Dumping data for table `community_comment`
--

LOCK TABLES `community_comment` WRITE;
/*!40000 ALTER TABLE `community_comment` DISABLE KEYS */;
INSERT INTO `community_comment` VALUES (23,'저도 반갑읍니다','2024-10-10 14:37:12.648602',38,NULL),(24,'저도 반갑읍니다','2024-10-10 14:37:14.691425',38,NULL),(26,'1+1은?','2024-10-10 16:01:33.812546',39,21),(27,'촤하하하하','2024-10-10 16:01:38.739901',39,21),(28,'고양이기여워','2024-10-10 17:12:06.847711',41,19),(29,'귀엽다!','2024-10-11 09:47:53.238162',41,17);
/*!40000 ALTER TABLE `community_comment` ENABLE KEYS */;
UNLOCK TABLES;

--
-- Table structure for table `community_image`
--

DROP TABLE IF EXISTS `community_image`;
/*!40101 SET @saved_cs_client     = @@character_set_client */;
/*!50503 SET character_set_client = utf8mb4 */;
CREATE TABLE `community_image` (
  `image_id` bigint NOT NULL AUTO_INCREMENT,
  `com_img_created_at` datetime(6) DEFAULT NULL,
  `com_image_url` varchar(255) NOT NULL,
  `com_index` bigint NOT NULL,
  `user_index` bigint NOT NULL,
  PRIMARY KEY (`image_id`),
  KEY `FK62qactg0p5ltb9qu1qoes0nm6` (`com_index`),
  KEY `FKeqmcg3uqes92lour3ii56vi4p` (`user_index`),
  CONSTRAINT `FK62qactg0p5ltb9qu1qoes0nm6` FOREIGN KEY (`com_index`) REFERENCES `community` (`com_index`),
  CONSTRAINT `FKeqmcg3uqes92lour3ii56vi4p` FOREIGN KEY (`user_index`) REFERENCES `user` (`user_index`)
) ENGINE=InnoDB AUTO_INCREMENT=34 DEFAULT CHARSET=utf8mb4 COLLATE=utf8mb4_0900_ai_ci;
/*!40101 SET character_set_client = @saved_cs_client */;

--
-- Dumping data for table `community_image`
--

LOCK TABLES `community_image` WRITE;
/*!40000 ALTER TABLE `community_image` DISABLE KEYS */;
INSERT INTO `community_image` VALUES (32,'2024-10-10 14:35:31.884792','https://whitebox-lawyer-vertify.s3.ap-northeast-2.amazonaws.com/images/6dc7ff0f-bb4b-4d75-8b41-01530ad91c5b.jpg',38,19),(33,'2024-10-10 16:41:05.765533','https://whitebox-lawyer-vertify.s3.ap-northeast-2.amazonaws.com/images/00cb8ac8-8c09-4346-88ca-73303c41d475.jpg',41,17);
/*!40000 ALTER TABLE `community_image` ENABLE KEYS */;
UNLOCK TABLES;

--
-- Table structure for table `crime_law`
--

DROP TABLE IF EXISTS `crime_law`;
/*!40101 SET @saved_cs_client     = @@character_set_client */;
/*!50503 SET character_set_client = utf8mb4 */;
CREATE TABLE `crime_law` (
  `law_idx` bigint NOT NULL AUTO_INCREMENT,
  `law_announce_date` varchar(255) DEFAULT NULL,
  `law_description` varchar(255) DEFAULT NULL,
  `law_number` int DEFAULT NULL,
  `law_page` int DEFAULT NULL,
  `law_seq` int DEFAULT NULL,
  `law_start_date` varchar(255) DEFAULT NULL,
  PRIMARY KEY (`law_idx`),
  CONSTRAINT `FKejl1nt676lnvmqbbatqtdy50j` FOREIGN KEY (`law_idx`) REFERENCES `law` (`law_idx`)
) ENGINE=InnoDB AUTO_INCREMENT=96 DEFAULT CHARSET=utf8mb4 COLLATE=utf8mb4_0900_ai_ci;
/*!40101 SET character_set_client = @saved_cs_client */;

--
-- Dumping data for table `crime_law`
--

LOCK TABLES `crime_law` WRITE;
/*!40000 ALTER TABLE `crime_law` DISABLE KEYS */;
INSERT INTO `crime_law` VALUES (1,'20230725','제5조의11(위험운전 등 치사상) ① (생  략)',1,1,0,'20240126'),(2,'20230725','② 음주 또는 약물의 영향으로 정상적인 운항이 곤란한 상태에서 운항의 목적으로 <P>「해사안전법」 제41조제1항에 따른</P> 선박의 조타기를 조작, 조작 지시 또는 도선하여 사람을 상해에 이르게 한 사람은 1년 이상 15년 이하의 징역 또는 1천만원 이상 3천만원 이하의 벌금에 처하고, 사망에 이르게 한 사람은 무기 또는 3년 이상의 징역에 처한다.',2,1,0,'20240126'),(3,'20200204','제5조의3(도주차량 운전자의 가중처벌) ① 「도로교통법」 <P>제2조에 규정된 자동차ㆍ원동기장치자전거</P>의 교통으로 인하여 「형법」 제268조의 죄를 범한 해당 <P>차량</P>의 운전자(이하 “사고운전자”라 한다)가 피해자를 구호(救護)하는 등 「도로교통법」 제54조제1항에 따른 조치를 하지 아니하고 도주한 경우에는 다음 각 호의 구분에 따라 가중처벌한다.',1,2,0,'20200505'),(4,'20200204','1.·2. (생  략)',2,2,0,'20200505'),(5,'20200204','② (생  략)',3,2,0,'20200505'),(6,'20200204','제5조의11(위험운전 등 치사상) ① 음주 또는 약물의 영향으로 정상적인 운전이 곤란한 상태에서 <P>자동차(원동기장치자전거를 포함한다)를</P> 운전하여 사람을 상해에 이르게 한 사람은 1년 이상 15년 이하의 징역 또는 1천만원 이상 3천만원 이하의 벌금에 처하고, 사망에 이르게 한 사람은 무기 또는 3년 이상의 징역에 처한다.',4,2,0,'20200505'),(7,'20200204','② (생  략)',5,2,0,'20200505'),(8,'20200204','제5조의13(어린이 보호구역에서 어린이 치사상의 가중처벌) <P>자동차(원동기장치자전거를 포함한다)</P>의 운전자가 「도로교통법」 제12조제3항에 따른 어린이 보호구역에서 같은 조 제1항에 따른 조치를 준수하고 어린이의 안전에 유의하면서 운전하여야 할 의무를 위반하여 어린이(13세 미만인 사람을 말한다. 이하 같다)에게 「교통사고처리 특례법」 제3조제1항의 죄를 범한 경우에는 다음 각 호의 구분에 따라 가중처벌한다.',6,2,0,'20200505'),(9,'20200204','1.·2. (생  략)',7,2,0,'20200505'),(10,'20191224','제5조의11<P>(위험운전 치사상)</P> (생  략)',1,3,0,'20200325'),(11,'20191224','<P><신  설></P>',2,3,0,'20200325'),(12,'20181218','<P><신  설></P>',1,4,0,'20181218'),(13,'20161227','제5조의11(위험운전 치사상) 음주 또는 약물의 영향으로 정상적인 운전이 곤란한 상태에서 자동차(원동기장치자전거를 포함한다)를 운전하여 사람을 상해에 이르게 한 사람은 <P>10년</P> 이하의 징역 또는 <P>500만원</P> 이상 3천만원 이하의 벌금에 처하고, 사망에 이르게 한 사람은 <P>1년 이상의 유기징역</P>에 처한다.',1,5,0,'20170328'),(14,'20160106','제8조(조세 포탈의 가중처벌) ① 「조세범 처벌법」 제3조제1항, 제4조 및 제5조, <P>「지방세기본법」제129조제1항</P>에 규정된 죄를 범한 사람은 다음 각 호의 구분에 따라 가중처벌한다.',1,6,0,'20160106'),(15,'20160106','1.·2. (생  략)',2,6,0,'20160106'),(16,'20160106','② (생  략)',3,6,0,'20160106'),(17,'20150724','제5조의2(약취ㆍ유인죄의 가중처벌) ① <P>「형법」</P> 제287조의 죄를 범한 사람은 그 약취(略取) 또는 유인(誘引)의 목적에 따라 다음 각 호와 같이 가중처벌한다.',1,7,0,'20160125'),(18,'20150724','1.·2. (생  략)',2,7,0,'20160125'),(19,'20150724','② <P>「형법」</P> 제287조의 죄를 범한 사람이 다음 각 호의 어느 하나에 해당하는 행위를 한 경우에는 다음 각 호와 같이 가중처벌한다.',3,7,0,'20160125'),(20,'20150724','1. ∼ 4. (생  략)',4,7,0,'20160125'),(21,'20150724','③ ∼ ⑥ (생  략)',5,7,0,'20160125'),(22,'20150724','⑦ 제1항부터 제3항까지 및 제6항의 죄를 범한 사람을 은닉하거나 도피하게 한 사람은 3년 <P>이상의 유기징역</P>에 처한다.',6,7,0,'20160125'),(23,'20150724','⑧ 제1항 또는 제2항제1호ㆍ제2호의 죄를 범할 목적으로 예비하거나 음모한 사람은 1년 <P>이상의 유기징역</P>에 처한다.',7,7,0,'20160125'),(24,'20150724','제5조의4(상습 강도ㆍ절도죄 등의 가중처벌)',8,7,0,'20160125'),(25,'20150724','<P>①  상습적으로 「형법」 제329조부터 제331조까지의 죄 또는 그 미수죄를 범한 사람은 무기 또는 3년 이상의 징역에 처한다.</P>',9,7,0,'20160125'),(26,'20150724','<P>② 5명 이상이 공동하여 제1항의 죄를 범한 사람은 무기 또는 5년 이상의 징역에 처한다.</P>',10,7,0,'20160125'),(27,'20150724','<P>③ 상습적으로 「형법」 제333조ㆍ제334조ㆍ제336조ㆍ제340조제1항의 죄 또는 그 미수죄를 범한 사람은 사형, 무기 또는 10년 이상의 징역에 처한다.</P>',11,7,0,'20160125'),(28,'20150724','<P>④ 「형법」 제363조의 죄를 범한 사람은 무기 또는 3년 이상의 징역에 처한다.</P>',12,7,0,'20160125'),(29,'20150724','⑤ 「형법」 제329조부터 제331조까지, 제333조부터 제336조까지 및 제340조ㆍ제362조의 죄 또는 그 미수죄로 세 번 이상 징역형을 받은 사람이 다시 이들 죄를 범하여 누범(累犯)으로 처벌하는 <P>경우에도 제1항부터 제4항까지의 형과 같은 형에 처한다</P>.',13,7,0,'20160125'),(30,'20150724','<P><신  설></P>',14,7,0,'20160125'),(31,'20150724','<P><신  설></P>',15,7,0,'20160125'),(32,'20150724','<P><신  설></P>',16,7,0,'20160125'),(33,'20150724','⑥ <P>제1항</P> 또는 제2항의 죄로 두 번 이상 실형을 선고받고 그 집행이 끝나거나 면제된 후 3년 이내에 다시 <P>제1항</P> 또는 제2항의 죄를 범한 경우에는 <P>그 죄에 대하여 정한 형의 단기(短期)의 2배까지 가중한다</P>.',17,7,0,'20160125'),(34,'20150724','제9조(「산림자원의 조성 및 관리에 관한 법률」 등 위반행위의 가중처벌) ① 「산림자원의 조성 및 관리에 관한 법률」 <P>제73조제1항ㆍ제2항</P> 및 제74조에 규정된 죄를 범한 사람은 다음 각 호의 구분에 따라 가중처벌한다.',18,7,0,'20160125'),(35,'20150724','1. 임산물(林産物)의 원산지 가격이 <P>1천만원</P> 이상이거나 산림 훼손면적이 5만제곱미터 이상인 경우에는 <P>무기 또는 5년 이상</P>의 징역에 처한다.',19,7,0,'20160125'),(36,'20150724','2. 임산물의 원산지 가격이 <P>100만원 이상 1천만원</P> 미만이거나 산림 훼손면적이 5천제곱미터 이상 5만제곱미터 미만인 경우에는 <P>3년 이상의 유기징역</P>에 처한다.',20,7,0,'20160125'),(37,'20150724','<P>② 「산림자원의 조성 및 관리에 관한 법률」 제71조, 제73조제3항 및 「산림보호법」 제53조제2항ㆍ제3항 및 제5항에 규정된 죄를 범한 사람은 무기 또는 5년 이상의 징역에 처한다.</P>',21,7,0,'20160125'),(38,'20150724','<P>제10조(통화 위조의 가중처벌) 「형법」 제207조에 규정된 죄를 범한 사람은 사형, 무기 또는 5년 이상의 징역에 처한다.</P>',22,7,0,'20160125'),(39,'20150724','제11조(마약사범 등의 가중처벌) ① 「마약류관리에 관한 법률」 제58조제1항제1호부터 제4호까지 및 제6호ㆍ제7호에 규정된 죄(매매, 수수 및 <P>교부</P>에 관한 죄와 매매목적, 매매 알선목적 또는 수수목적의 소지ㆍ소유에 관한 죄는 제외한다) 또는 그 미수죄를 범한 사람은 <P>무기 또는 10년 이상의 징역에 처한다</P>.',23,7,0,'20160125'),(40,'20150724','<P><신  설></P>',24,7,0,'20160125'),(41,'20150724','<P><신  설></P>',25,7,0,'20160125'),(42,'20150724','② 「마약류관리에 관한 법률」 제59조제1항부터 제3항까지 및 제60조에 규정된 죄(마약 및 향정신성의약품에 관한 죄만 해당한다)를 범한 사람은 다음 각 호의 구분에 따라 가중처벌한다.',26,7,0,'20160125'),(43,'20150724','1. 소지ㆍ소유ㆍ재배ㆍ사용ㆍ수출입ㆍ제조 등을 한 마약 및 향정신성의약품의 가액이 5천만원 이상인 경우에는 무기 또는 <P>10년</P> 이상의 징역에 처한다.',27,7,0,'20160125'),(44,'20150724','2. (생  략)',28,7,0,'20160125'),(45,'20150622','제5조의12(도주선박의 선장 또는 승무원에 대한 가중처벌) 「해사안전법」 제2조에 따른 선박의 교통으로 인하여 「형법」 제268조의 죄를 범한 해당 선박의 선장 또는 승무원이 피해자를 구호하는 등 <P>「수난구호법」</P> 제18조제1항 단서에 따른 조치를 하지 아니하고 도주한 경우에는 다음 각 호의 구분에 따라 가중 처벌한다.',1,8,0,'20150622'),(46,'20150622','1.·2. (생  략)',2,8,0,'20150622'),(47,'20130730','제5조의10(운행 중인 자동차 운전자에 대한 폭행 등의 가중처벌) ① 운행 <P>중인</P> 자동차의 운전자를 폭행하거나 협박한 사람은 5년 이하의 징역 또는 2천만원 이하의 벌금에 처한다.',1,9,0,'20131031'),(48,'20130730','② (생  략)',2,9,0,'20131031'),(49,'20130405','<P><신  설></P>',1,10,0,'20130405'),(50,'20230725','제5조의11(위험운전 등 치사상) ① (현행과 같음)',1,1,1,'20240126'),(51,'20230725','② 음주 또는 약물의 영향으로 정상적인 운항이 곤란한 상태에서 운항의 목적으로 <P>「해상교통안전법」 제39조제1항에 따른</P> 선박의 조타기를 조작, 조작 지시 또는 도선하여 사람을 상해에 이르게 한 사람은 1년 이상 15년 이하의 징역 또는 1천만원 이상 3천만원 이하의 벌금에 처하고, 사망에 이르게 한 사람은 무기 또는 3년 이상의 징역에 처한다.',2,1,1,'20240126'),(52,'20221227','1.·2. (현행과 같음)',2,2,1,'20221227'),(53,'20221227','② (현행과 같음)',3,2,1,'20221227'),(54,'20221227','제5조의11(위험운전 등 치사상) ① 음주 또는 약물의 영향으로 정상적인 운전이 곤란한 상태에서 <P>자동차등을</P> 운전하여 사람을 상해에 이르게 한 사람은 1년 이상 15년 이하의 징역 또는 1천만원 이상 3천만원 이하의 벌금에 처하고, 사망에 이르게 한 사람은 무기 또는 3년 이상의 징역에 처한다.',4,2,1,'20221227'),(55,'20221227','② (현행과 같음)',5,2,1,'20221227'),(56,'20221227','제5조의13(어린이 보호구역에서 어린이 치사상의 가중처벌) <P>자동차등</P>의 운전자가 「도로교통법」 제12조제3항에 따른 어린이 보호구역에서 같은 조 제1항에 따른 조치를 준수하고 어린이의 안전에 유의하면서 운전하여야 할 의무를 위반하여 어린이(13세 미만인 사람을 말한다. 이하 같다)에게 「교통사고처리 특례법」 제3조제1항의 죄를 범한 경우에는 다음 각 호의 구분에 따라 가중처벌한다.',6,2,1,'20221227'),(57,'20221227','1.·2. (현행과 같음)',7,2,1,'20221227'),(58,'20200204','제5조의11<P>(위험운전 등 치사상)</P> ① (현행과 같음)',1,3,1,'20200505'),(59,'20200204','<P>② 음주 또는 약물의 영향으로 정상적인 운항이 곤란한 상태에서 운항의 목적으로 「해사안전법」 제41조제1항에 따른 선박의 조타기를 조작, 조작 지시 또는 도선하여 사람을 상해에 이르게 한 사람은 1년 이상 15년 이하의 징역 또는 1천만원 이상 3천만원 이하의 벌금에 처하고, 사망에 이르게 한 사람은 무기 또는 3년 이상의 징역에 처한다.</P>',2,3,1,'20200505'),(60,'20181218','제5조의11(위험운전 치사상) 음주 또는 약물의 영향으로 정상적인 운전이 곤란한 상태에서 자동차(원동기장치자전거를 포함한다)를 운전하여 사람을 상해에 이르게 한 사람은 <P>1년 이상 15년</P> 이하의 징역 또는 <P>1천만원</P> 이상 3천만원 이하의 벌금에 처하고, 사망에 이르게 한 사람은 <P>무기 또는 3년 이상의 징역</P>에 처한다.',1,5,1,'20181218'),(61,'20161227','제8조(조세 포탈의 가중처벌) ① 「조세범 처벌법」 제3조제1항, 제4조 및 제5조, <P>「지방세기본법」 제102조제1항</P>에 규정된 죄를 범한 사람은 다음 각 호의 구분에 따라 가중처벌한다.',1,6,1,'20170328'),(62,'20161227','1.·2. (현행과 같음)',2,6,1,'20170328'),(63,'20161227','② (현행과 같음)',3,6,1,'20170328'),(64,'20160106','제5조의2(약취ㆍ유인죄의 가중처벌) ① <P>13세 미만의 미성년자에 대하여 「형법」</P> 제287조의 죄를 범한 사람은 그 약취(略取) 또는 유인(誘引)의 목적에 따라 다음 각 호와 같이 가중처벌한다.',1,7,1,'20160106'),(65,'20160106','1.·2. (현행과 같음)',2,7,1,'20160106'),(66,'20160106','② <P>13세 미만의 미성년자에 대하여 「형법」</P> 제287조의 죄를 범한 사람이 다음 각 호의 어느 하나에 해당하는 행위를 한 경우에는 다음 각 호와 같이 가중처벌한다.',3,7,1,'20160106'),(67,'20160106','1. ∼ 4. (현행과 같음)',4,7,1,'20160106'),(68,'20160106','③ ∼ ⑥ (현행과 같음)',5,7,1,'20160106'),(69,'20160106','⑦ 제1항부터 제3항까지 및 제6항의 죄를 범한 사람을 은닉하거나 도피하게 한 사람은 3년 <P>이상 25년 이하의 징역</P>에 처한다.',6,7,1,'20160106'),(70,'20160106','⑧ 제1항 또는 제2항제1호ㆍ제2호의 죄를 범할 목적으로 예비하거나 음모한 사람은 1년 <P>이상 10년 이하의 징역</P>에 처한다.',7,7,1,'20160106'),(71,'20160106','제5조의4(상습 강도ㆍ절도죄 등의 가중처벌)',8,7,1,'20160106'),(72,'20160106','<P><삭  제></P>',9,7,1,'20160106'),(73,'20160106','<P>② 5명 이상이 공동하여 상습적으로 「형법」 제329조부터 제331조까지의 죄 또는 그 미수죄를 범한 사람은 2년 이상 20년 이하의 징역에 처한다.</P>',10,7,1,'20160106'),(74,'20160106','<P><삭  제></P>',11,7,1,'20160106'),(75,'20160106','<P><삭  제></P>',12,7,1,'20160106'),(76,'20160106','⑤ 「형법」 제329조부터 제331조까지, 제333조부터 제336조까지 및 제340조ㆍ제362조의 죄 또는 그 미수죄로 세 번 이상 징역형을 받은 사람이 다시 이들 죄를 범하여 누범(累犯)으로 처벌하는 <P>경우에는 다음 각 호의 구분에 따라 가중처벌한다</P>.',13,7,1,'20160106'),(77,'20160106','<P>1. 「형법」 제329조부터 제331조까지의 죄(미수범을 포함한다)를 범한 경우에는 2년 이상 20년 이하의 징역에 처한다.</P>',14,7,1,'20160106'),(78,'20160106','<P>2. 「형법」 제333조부터 제336조까지의 죄 및 제340조제1항의 죄(미수범을 포함한다)를 범한 경우에는 무기 또는 10년 이상의 징역에 처한다.</P>',15,7,1,'20160106'),(79,'20160106','<P>3. 「형법」 제362조의 죄를 범한 경우에는 2년 이상 20년 이하의 징역에 처한다.</P>',16,7,1,'20160106'),(80,'20160106','⑥ <P>상습적으로 「형법」 제329조부터 제331조까지의 죄나 그 미수죄</P> 또는 제2항의 죄로 두 번 이상 실형을 선고받고 그 집행이 끝나거나 면제된 후 3년 이내에 다시 <P>상습적으로 「형법」 제329조부터 제331조까지의 죄나 그 미수죄</P> 또는 제2항의 죄를 범한 경우에는 <P>3년 이상 25년 이하의 징역에 처한다</P>.',17,7,1,'20160106'),(81,'20160106','제9조(「산림자원의 조성 및 관리에 관한 법률」 등 위반행위의 가중처벌) ① 「산림자원의 조성 및 관리에 관한 법률」 <P>제73조</P> 및 제74조에 규정된 죄를 범한 사람은 다음 각 호의 구분에 따라 가중처벌한다.',18,7,1,'20160106'),(82,'20160106','1. 임산물(林産物)의 원산지 가격이 <P>1억원</P> 이상이거나 산림 훼손면적이 5만제곱미터 이상인 경우에는 <P>3년 이상 25년 이하</P>의 징역에 처한다.',19,7,1,'20160106'),(83,'20160106','2. 임산물의 원산지 가격이 <P>1천만원 이상 1억원</P> 미만이거나 산림 훼손면적이 5천제곱미터 이상 5만제곱미터 미만인 경우에는 <P>2년 이상 20년 이하의 징역</P>에 처한다.',20,7,1,'20160106'),(84,'20160106','<P><삭  제></P>',21,7,1,'20160106'),(85,'20160106','<P><삭  제></P>',22,7,1,'20160106'),(86,'20160106','제11조(마약사범 등의 가중처벌) ① 「마약류관리에 관한 법률」 제58조제1항제1호부터 제4호까지 및 제6호ㆍ제7호에 규정된 죄(매매, 수수 및 <P>제공</P>에 관한 죄와 매매목적, 매매 알선목적 또는 수수목적의 소지ㆍ소유에 관한 죄는 제외한다) 또는 그 미수죄를 범한 사람은 <P>다음 각 호의 구분에 따라 가중처벌한다</P>.',23,7,1,'20160106'),(87,'20160106','<P>1. 수출입ㆍ제조ㆍ소지ㆍ소유 등을 한 마약이나 향정신성의약품 등의 가액이 5천만원 이상인 경우에는 무기 또는 10년 이상의 징역에 처한다.</P>',24,7,1,'20160106'),(88,'20160106','<P>2. 수출입ㆍ제조ㆍ소지ㆍ소유 등을 한 마약이나 향정신성의약품 등의 가액이 500만원 이상 5천만원 미만인 경우에는 무기 또는 7년 이상의 징역에 처한다.</P>',25,7,1,'20160106'),(89,'20160106','② 「마약류관리에 관한 법률」 제59조제1항부터 제3항까지 및 제60조에 규정된 죄(마약 및 향정신성의약품에 관한 죄만 해당한다)를 범한 사람은 다음 각 호의 구분에 따라 가중처벌한다.',26,7,1,'20160106'),(90,'20160106','1. 소지ㆍ소유ㆍ재배ㆍ사용ㆍ수출입ㆍ제조 등을 한 마약 및 향정신성의약품의 가액이 5천만원 이상인 경우에는 무기 또는 <P>7년</P> 이상의 징역에 처한다.',27,7,1,'20160106'),(91,'20160106','2. (현행과 같음)',28,7,1,'20160106'),(92,'20150724','제5조의12(도주선박의 선장 또는 승무원에 대한 가중처벌) 「해사안전법」 제2조에 따른 선박의 교통으로 인하여 「형법」 제268조의 죄를 범한 해당 선박의 선장 또는 승무원이 피해자를 구호하는 등 <P>「수상에서의 수색ㆍ구조 등에 관한 법률」</P> 제18조제1항 단서에 따른 조치를 하지 아니하고 도주한 경우에는 다음 각 호의 구분에 따라 가중 처벌한다.',1,8,1,'20160125'),(93,'20150724','1.·2. (현행과 같음)',2,8,1,'20160125'),(94,'20150622','제5조의10(운행 중인 자동차 운전자에 대한 폭행 등의 가중처벌) ① 운행 <P>중(「여객자동차 운수사업법」 제2조제3호에 따른 여객자동차운송사업을 위하여 사용되는 자동차를 운행하는 중 운전자가 여객의 승차ㆍ하차 등을 위하여 일시 정차한 경우를 포함한다)인</P> 자동차의 운전자를 폭행하거나 협박한 사람은 5년 이하의 징역 또는 2천만원 이하의 벌금에 처한다.',1,9,1,'20150622'),(95,'20150622','② (현행과 같음)',2,9,1,'20150622');
/*!40000 ALTER TABLE `crime_law` ENABLE KEYS */;
UNLOCK TABLES;

--
-- Table structure for table `law`
--

DROP TABLE IF EXISTS `law`;
/*!40101 SET @saved_cs_client     = @@character_set_client */;
/*!50503 SET character_set_client = utf8mb4 */;
CREATE TABLE `law` (
  `law_idx` bigint NOT NULL AUTO_INCREMENT,
  `law_announce_date` varchar(255) DEFAULT NULL,
  `law_description` varchar(255) DEFAULT NULL,
  `law_number` int DEFAULT NULL,
  `law_page` int DEFAULT NULL,
  `law_seq` int DEFAULT NULL,
  `law_start_date` varchar(255) DEFAULT NULL,
  PRIMARY KEY (`law_idx`)
) ENGINE=InnoDB AUTO_INCREMENT=1999 DEFAULT CHARSET=utf8mb4 COLLATE=utf8mb4_0900_ai_ci;
/*!40101 SET character_set_client = @saved_cs_client */;

--
-- Dumping data for table `law`
--

LOCK TABLES `law` WRITE;
/*!40000 ALTER TABLE `law` DISABLE KEYS */;
INSERT INTO `law` VALUES (1,'20240130','제12조(어린이 보호구역의 지정ㆍ해제 및 관리) ① ∼ ④ (현행과 같음)',1,1,1,'20240731'),(2,'20240130','⑤ 시장등은 제1항에 따라 지정한 어린이 보호구역에 어린이의 안전을 위하여 다음 각 호에 따른 시설 또는 장비를 우선적으로 설치하거나 관할 도로관리청에 해당 시설 또는 장비의 설치를 요청하여야 한다.',2,1,1,'20240731'),(3,'20240130','1. ∼ 3. (현행과 같음)',3,1,1,'20240731'),(4,'20240130','<P>3의2. 방호울타리</P>',4,1,1,'20240731'),(5,'20240130','4. (현행과 같음)',5,1,1,'20240731'),(6,'20240130','제85조의2<P>(모바일운전면허증 발급 및 운전면허증의 확인 등)</P> <P>① 시ㆍ도경찰청장은 제85조, 제85조의3, 제86조, 제87조에 따라 운전면허증을 발급받으려는 사람이 모바일운전면허증(「이동통신단말장치 유통구조 개선에 관한 법률」 제2조제4호에 따른 이동통신단말장치에 암호화된 형태로 설치된 운전면허증을 말한다. 이하 같다)을 신청하는 경우 이를 추가로 발급할 수 있다.</P>',6,1,1,'20240731'),(7,'20240130','<P>③ 시ㆍ도경찰청장은 경찰청에 연계된 운전면허정보를 이용하여 운전면허확인서비스(이동통신단말장치를 이용하여 제2항 각 호 외의 부분 본문에 따른 성명ㆍ사진ㆍ주소ㆍ주민등록번호ㆍ운전면허번호 및 발급 관련사항을 확인할 수 있는 서비스를 말한다. 이하 같다)를 제공할 수 있다.</P>',8,1,1,'20240731'),(8,'20240130','<P>④ 운전면허확인서비스를 이용하여 성명ㆍ사진ㆍ주소ㆍ주민등록번호ㆍ운전면허번호 및 발급 관련사항을 확인하는 경우 제2항에 따라 운전면허증으로 성명ㆍ사진ㆍ주민등록번호ㆍ운전면허번호 및 발급 관련사항을 확인한 것으로 본다.</P>',9,1,1,'20240731'),(9,'20240130','<P>⑤ 모바일운전면허증 및 운전면허확인서비스의 발급 및 신청 등에 필요한 사항은 행정안전부령으로 정한다.</P>',10,1,1,'20240731'),(10,'20240130','제92조(운전면허증 휴대 및 제시 등의 의무) ①·② (현행과 같음)',12,1,1,'20240731'),(11,'20240130','<P>③ 누구든지 다른 사람 명의의 모바일운전면허증을 부정하게 사용하여서는 아니 된다.</P>',13,1,1,'20240731'),(12,'20240130','제95조(운전면허증의 반납) ① 운전면허증을 받은 사람이 다음 각 호의 어느 하나에 해당하면 그 사유가 발생한 날부터 7일 이내(제4호 및 제5호의 경우 새로운 운전면허증을 받기 위하여 운전면허증을 제출한 때)에 주소지를 관할하는 시ㆍ도경찰청장에게 운전면허증을 <P>반납(모바일운전면허증의 경우 전자적 반납을 포함한다. 이하 이 조에서 같다)하여야</P> 한다.',14,1,1,'20240731'),(13,'20240130','1. ∼ 5. (현행과 같음)',15,1,1,'20240731'),(14,'20240130','② 경찰공무원은 제1항을 위반하여 운전면허증을 반납하지 아니한 사람이 소지한 운전면허증을 직접 <P>회수(모바일운전면허증의 경우 전자적 회수를 포함한다. 이하 이 조에서 같다)</P>할 수 있다.',16,1,1,'20240731'),(15,'20240130','③ (현행과 같음)',17,1,1,'20240731'),(16,'20240130','제150조(벌칙) 다음 각 호의 어느 하나에 해당하는 사람은 2년 이하의 징역이나 500만원 이하의 벌금에 처한다.',18,1,1,'20240731'),(17,'20240130','1. ∼ 3. (현행과 같음)',19,1,1,'20240731'),(18,'20240130','<P>3의2. 제92조제3항을 위반하여 다른 사람 명의의 모바일운전면허증을 부정하게 사용한 사람</P>',20,1,1,'20240731'),(19,'20240130','4. ∼ 7. (현행과 같음)',21,1,1,'20240731'),(20,'20231226','제87조의2(운전면허증 발급 대상자 본인 확인) ① 시ㆍ도경찰청장은 제85조제2항부터 제4항까지, 제86조 또는 제87조제1항에 따라 운전면허증을 발급(이하 이 조 및 제137조의2제2항에서 “운전면허증 발급”이라 한다)하려는 경우에는 운전면허증 발급을 받으려는 사람의 <P>주민등록증(모바일 주민등록증을 포함한다)</P>이나 여권, 그 밖에 행정안전부령으로 정하는 신분증명서의 사진 등을 통하여 본인인지를 확인할 수 있다.',1,2,1,'20241227'),(21,'20231226','②·③ (현행과 같음)',2,2,1,'20241227'),(22,'20240319','<P>제50조의2( 삭제 <2024. 3. 19>) 삭제 <2024. 3. 19></P>',1,3,1,'20240920'),(23,'20240319','<P>제56조의2(자율주행자동차 운전자의 준수사항 등) ① 행정안전부령으로 정하는 완전 자율주행시스템에 해당하지 아니하는 자율주행시스템을 갖춘 자동차의 운전자는 자율주행시스템의 직접 운전 요구에 지체 없이 대응하여 조향장치, 제동장치 및 그 밖의 장치를 직접 조작하여 운전하여야 한다.\n  ② 운전자가 자율주행시스템을 사용하여 운전하는 경우에는 제49조제1항제10호, 제11호 및 제11호의2를 적용하지 아니한다.</P>',2,3,1,'20240920'),(24,'20240319','<P>제56조의3(자율주행자동차 시험운전자의 준수사항 등) ① 「자동차관리법」 제27조제1항에 따른 임시운행허가를 받은 자동차를 운전하려는 사람은 자율주행자동차의 안전운행 등에 관한 교육(이하 “자율주행자동차 안전교육”이라 한다)을 받아야 한다.\n  ② 제1항에 따른 교육과정, 교육방법 등에 관하여 필요한 사항은 대통령령으로 정한다.</P>',3,3,1,'20240920'),(25,'20240319','제85조(운전면허증의 발급 등) ① ∼ ⑤ (현행과 같음)',4,3,1,'20240920'),(26,'20240319','<P>⑥ 제2항부터 제4항까지에 따라 발급받은 운전면허증은 부정하게 사용할 목적으로 다른 사람에게 빌려주거나 빌려서는 아니 되며, 이를 알선하여서도 아니 된다.</P>',5,3,1,'20240920'),(27,'20240319','1. ∼ 14. (현행과 같음)',7,3,1,'20240920'),(28,'20240319','15. <P>운전면허증을 부정하게 사용할 목적으로 다른</P> 사람에게 <P>빌려주거나</P> 다른 사람의 운전면허증을 빌려서 사용한 경우',8,3,1,'20240920'),(29,'20240319','16. ∼ 23. (현행과 같음)',9,3,1,'20240920'),(30,'20240319','② ∼ ④ (현행과 같음)',10,3,1,'20240920'),(31,'20240319','제106조(전문학원의 강사) ①·② (현행과 같음)',11,3,1,'20240920'),(32,'20240319','<P>③ 제2항에 따라 발급받은 강사자격증은 부정하게 사용할 목적으로 다른 사람에게 빌려주거나 빌려서는 아니 되며, 이를 알선하여서도 아니 된다.</P>',12,3,1,'20240920'),(33,'20240319','④ <P>다음 각 호의 어느 하나에 해당하는 사람은 전문학원의 강사가 될 수 없다.</P>',13,3,1,'20240920'),(34,'20240319','<P>1. 제76조제3항제2호의 규정에 해당하는 사람</P>',14,3,1,'20240920'),(35,'20240319','<P>2. 제5항에 따라 강사자격증이 취소된 날부터 3년이 지나지 아니한 사람</P>',15,3,1,'20240920'),(36,'20240319','<P>3. 제83조제1항제4호 및 같은 조 제2항에 따른 자동차등의 운전에 필요한 기능과 도로에서의 운전 능력을 익히기 위한 교육(이하 “기능교육”이라 한다)에 사용되는 자동차등을 운전할 수 있는 운전면허를 받지 아니한 사람</P>',16,3,1,'20240920'),(37,'20240319','<P>4. 기능교육에 사용되는 자동차를 운전할 수 있는 운전면허를 받은 날부터 2년이 지나지 아니한 사람</P>',17,3,1,'20240920'),(38,'20240319','<P>⑥ 전문학원의 학감은 강사가 아닌 사람으로 하여금 자동차운전에 관한 학과교육 또는 기능교육을 하게 하여서는 아니 된다.</P>',19,3,1,'20240920'),(39,'20240319','제107조(기능검정원) ①·② (현행과 같음)',20,3,1,'20240920'),(40,'20240319','<P>③ 제2항에 따라 발급받은 기능검정원 자격증은 부정하게 사용할 목적으로 다른 사람에게 빌려주거나 빌려서는 아니 되며, 이를 알선하여서도 아니 된다.</P>',21,3,1,'20240920'),(41,'20240319','④ <P>다음 각 호의 어느 하나에 해당하는 사람은 기능검정원이 될 수 없다.</P>',22,3,1,'20240920'),(42,'20240319','<P><삭  제></P>',23,3,1,'20240920'),(43,'20240319','<P>2. 제76조제3항제2호에 해당하는 사람</P>',24,3,1,'20240920'),(44,'20240319','<P>3. 제5항에 따라 기능검정원의 자격이 취소된 경우에는 그 자격이 취소된 날부터 3년이 지나지 아니한 사람</P>',25,3,1,'20240920'),(45,'20240319','<P>4. 기능검정에 사용되는 자동차를 운전할 수 있는 운전면허를 받지 아니하거나 운전면허를 받은 날부터 3년이 지나지 아니한 사람</P>',26,3,1,'20240920'),(46,'20240319','제113조(학원등에 대한 행정처분) ① (현행과 같음)',28,3,1,'20240920'),(47,'20240319','② 시ㆍ도경찰청장은 전문학원이 다음 각 호의 어느 하나에 해당하면 행정안전부령으로 정하는 기준에 따라 학원의 등록을 취소하거나 1년 이내의 기간을 정하여 운영의 정지를 명할 수 있다.',29,3,1,'20240920'),(48,'20240319','1. ∼ 4. (현행과 같음)',30,3,1,'20240920'),(49,'20240319','5. <P>제106조제6항</P>을 위반하여 학감이 강사가 아닌 사람으로 하여금 학과교육 또는 기능교육을 하게 한 경우',31,3,1,'20240920'),(50,'20240319','6. ∼ 9. (현행과 같음)',32,3,1,'20240920'),(51,'20240319','③·④ (현행과 같음)',33,3,1,'20240920'),(52,'20240319','제140조(교통안전교육기관의 수강료 등) <P>제56조의3제1항 또는 제73조에 따른</P> 교육을 하는 자는 교육생으로부터 수강료를 받을 수 있다.',34,3,1,'20240920'),(53,'20240319','제150조(벌칙) 다음 각 호의 어느 하나에 해당하는 사람은 2년 이하의 징역이나 500만원 이하의 벌금에 처한다.',37,3,1,'20240920'),(54,'20240319','1. ∼ 3. (현행과 같음)',38,3,1,'20240920'),(55,'20240319','<P>3의2. 제85조제6항, 제106조제3항 또는 제107조제3항을 위반하여 운전면허증, 강사자격증 또는 기능검정원 자격증을 빌려주거나 빌린 사람 또는 이를 알선한 사람</P>',39,3,1,'20240920'),(56,'20240319','<P>3의3. 제92조제3항을 위반하여 다른 사람의 명의의 모바일운전면허증을 부정하게 사용한 사람</P>',40,3,1,'20240920'),(57,'20240319','4. ∼ 7. (현행과 같음)',41,3,1,'20240920'),(58,'20240319','제156조(벌칙) 다음 각 호의 어느 하나에 해당하는 사람은 20만원 이하의 벌금이나 구류 또는 과료(科料)에 처한다.',42,3,1,'20240920'),(59,'20240319','1. ∼ 6. (현행과 같음)',43,3,1,'20240920'),(60,'20240319','6의2. <P>제56조의2제1항</P>을 위반하여 자율주행시스템의 직접 운전 요구에 지체 없이 대응하지 아니한 자율주행자동차의 운전자',44,3,1,'20240920'),(61,'20240319','7. ∼ 13. (현행과 같음)',45,3,1,'20240920'),(62,'20240319','제160조(과태료) ① (현행과 같음)',46,3,1,'20240920'),(63,'20240319','② 다음 각 호의 어느 하나에 해당하는 사람에게는 20만원 이하의 과태료를 부과한다.',47,3,1,'20240920'),(64,'20240319','1. ∼ 9. (현행과 같음)',48,3,1,'20240920'),(65,'20240319','<P>10. 제56조의3제1항을 위반하여 자율주행자동차 안전교육을 받지 아니한 사람</P>',49,3,1,'20240920'),(66,'20240319','③·④ (현행과 같음)',50,3,1,'20240920'),(67,'20240319','제161조(과태료의 부과ㆍ징수 등) ①제160조제1항부터 제3항까지의 규정에 따른 과태료는 대통령령으로 정하는 바에 따라 다음 각 호의 자가 부과ㆍ징수한다.',51,3,1,'20240920'),(68,'20240319','1. (현행과 같음)',52,3,1,'20240920'),(69,'20240319','2. 제160조제1항(제52조제1항ㆍ제3항을 위반한 경우만 해당한다), 제2항(제49조제1항제1호ㆍ제3호, 제50조제1항ㆍ제3항, 제52조제2항, 제53조제2항, <P>제53조의3제1항ㆍ제3항 및 제56조의3제1항</P>을 위반한 경우만 해당한다) 및 제3항(제5조, 제13조제3항, 제15조제3항, 제17조제3항, 제29조제4항ㆍ제5항, 제32조부터 제34조까지의 규정을 위반한 경우만 해당한다)의 과태료: 제주특별자치도지사',53,3,1,'20240920'),(70,'20240319','3. <P>제160조제2항제4호의3ㆍ제4호의4ㆍ제4호의5ㆍ제10호</P> 및 같은 조 제3항(제15조제3항, 제29조제4항ㆍ제5항, 제32조부터 제34조까지의 규정을 위반한 경우만 해당한다)의 과태료: 시장등',54,3,1,'20240920'),(71,'20240319','4. (현행과 같음)',55,3,1,'20240920'),(72,'20240319','② (현행과 같음)',56,3,1,'20240920'),(73,'20240213','제76조(교통안전교육강사의 자격기준 등) ①·② (현행과 같음)',1,4,1,'20240814'),(74,'20240213','③ 다음 각 호의 어느 하나에 해당하는 사람은 교통안전교육강사가 될 수 없다.',2,4,1,'20240814'),(75,'20240213','<P><삭  제></P>',3,4,1,'20240814'),(76,'20240213','2. <P>다음 각 목의 어느 하나에 해당하는 죄를 저질러</P> 금고 이상의 형을 선고받고 그 집행이 끝나거나 집행이 면제된 날부터 2년이 지나지 아니한 <P>사람 또는 그 집행유예기간 중에 있는 사람</P>',4,4,1,'20240814'),(77,'20240213','<P>가. 「교통사고처리 특례법」 제3조제1항에 따른 죄</P>',5,4,1,'20240814'),(78,'20240213','<P>나. 「특정범죄 가중처벌 등에 관한 법률」 제5조의3, 제5조의11제1항 및 제5조의13에 따른 죄</P>',6,4,1,'20240814'),(79,'20240213','<P>다. 「성폭력범죄의 처벌 등에 관한 특례법」 제2조에 따른 성폭력범죄</P>',7,4,1,'20240814'),(80,'20240213','<P>라. 「아동ㆍ청소년의 성보호에 관한 법률」 제2조제2호에 따른 아동ㆍ청소년대상 성범죄</P>',8,4,1,'20240814'),(81,'20240213','<P><삭  제></P>',9,4,1,'20240814'),(82,'20240213','4. (현행과 같음)',10,4,1,'20240814'),(83,'20240213','④ ∼ ⑥ (현행과 같음)',11,4,1,'20240814'),(84,'20240213','1. ∼ 10의2. (현행과 같음)',13,4,1,'20240814'),(85,'20240213','11. 운전면허를 받은 사람이 자동차등을 범죄의 도구나 장소로 이용하여 다음 각 목의 어느 하나의 죄를 범한 경우',14,4,1,'20240814'),(86,'20240213','가.·나. (현행과 같음)',15,4,1,'20240814'),(87,'20240213','<P>다. 「보험사기방지 특별법」 중 제8조부터 제10조까지의 죄</P>',16,4,1,'20240814'),(88,'20240213','12. ∼ 23. (현행과 같음)',17,4,1,'20240814'),(89,'20240213','② ∼ ④ (현행과 같음)',18,4,1,'20240814'),(90,'20240213','제105조(전문학원의 학감 등) 학감이나 부학감은 다음 각 호의 요건을 모두 갖추고 있는 사람으로 한다.',19,4,1,'20240814'),(91,'20240213','<P><삭  제></P>',20,4,1,'20240814'),(92,'20240213','2. 도로교통에 관한 업무에 <P>3년 이상 근무한 경력이 있거나 학원등의 교육ㆍ검정 등 대통령령으로 정하는 업무에 5년 이상 근무</P>한 경력(관리직 경력만 해당한다)이 있는 사람 또는 학원등의 운영ㆍ관리에 관한 업무에 <P>3년 이상 근무한 경력이 있거나 학원등의 교육ㆍ검정 등 대통령령으로 정하는 업무에 5년 이상 근무</P>한 경력이 있는 사람으로서 다음 각 목의 어느 하나에 해당되지 아니하는 사람',21,4,1,'20240814'),(93,'20240213','가. ∼ 아. (현행과 같음)',22,4,1,'20240814'),(94,'20240213','3. (현행과 같음)',23,4,1,'20240814'),(95,'20240213','제106조(전문학원의 강사) ①·② (현행과 같음)',24,4,1,'20240814'),(96,'20240213','③ 다음 각 호의 어느 하나에 해당하는 사람은 전문학원의 강사가 될 수 없다.',25,4,1,'20240814'),(97,'20240213','1. <P>제76조제3항제2호</P>의 규정에 해당하는 사람',26,4,1,'20240814'),(98,'20240213','2. ∼ 4. (현행과 같음)',27,4,1,'20240814'),(99,'20240213','1. (현행과 같음)',29,4,1,'20240814'),(100,'20240213','2. <P>다음 각 목의 어느 하나에 해당하는 죄를 저질러</P> 금고 이상의 형(집행유예를 포함한다)을 선고받은 경우',30,4,1,'20240814'),(101,'20240213','<P>가. 「교통사고처리 특례법」 제3조제1항에 따른 죄</P>',31,4,1,'20240814'),(102,'20240213','<P>나. 「특정범죄 가중처벌 등에 관한 법률」 제5조의3, 제5조의11제1항 및 제5조의13에 따른 죄</P>',32,4,1,'20240814'),(103,'20240213','<P>다. 「성폭력범죄의 처벌 등에 관한 특례법」 제2조에 따른 성폭력범죄</P>',33,4,1,'20240814'),(104,'20240213','<P>라. 「아동ㆍ청소년의 성보호에 관한 법률」 제2조제2호에 따른 아동ㆍ청소년대상 성범죄</P>',34,4,1,'20240814'),(105,'20240213','3. ∼ 9. (현행과 같음)',35,4,1,'20240814'),(106,'20240213','⑤ (현행과 같음)',36,4,1,'20240814'),(107,'20240213','제107조(기능검정원) ①·② (현행과 같음)',37,4,1,'20240814'),(108,'20240213','③ 다음 각 호의 어느 하나에 해당하는 사람은 기능검정원이 될 수 없다.',38,4,1,'20240814'),(109,'20240213','<P><삭  제></P>',39,4,1,'20240814'),(110,'20240213','2. <P>제76조제3항제2호</P>에 해당하는 사람',40,4,1,'20240814'),(111,'20240213','3.·4. (현행과 같음)',41,4,1,'20240814'),(112,'20240213','④ 시ㆍ도경찰청장은 기능검정원이 다음 각 호의 어느 하나에 해당하면 행정안전부령으로 정하는 기준에 따라 그 기능검정원의 자격을 취소하거나 1년 이내의 범위에서 기간을 정하여 그 자격의 효력을 정지시킬 수 있다. 다만, 제1호부터 제6호까지의 어느 하나에 해당하는 경우에는 그 자격을 취소하여야 한다.',42,4,1,'20240814'),(113,'20240213','1.·2. (현행과 같음)',43,4,1,'20240814'),(114,'20240213','3. <P>다음 각 목의 어느 하나에 해당하는 죄를 저질러</P> 금고 이상의 형(집행유예를 포함한다)을 선고받은 경우',44,4,1,'20240814'),(115,'20240213','<P>가. 「교통사고처리 특례법」 제3조제1항에 따른 죄</P>',45,4,1,'20240814'),(116,'20240213','<P>나. 「특정범죄 가중처벌 등에 관한 법률」 제5조의3, 제5조의11제1항 및 제5조의13에 따른 죄</P>',46,4,1,'20240814'),(117,'20240213','<P>다. 「성폭력범죄의 처벌 등에 관한 특례법」 제2조에 따른 성폭력범죄</P>',47,4,1,'20240814'),(118,'20240213','<P>라. 「아동ㆍ청소년의 성보호에 관한 법률」 제2조제2호에 따른 아동ㆍ청소년대상 성범죄</P>',48,4,1,'20240814'),(119,'20240213','4. ∼ 9. (현행과 같음)',49,4,1,'20240814'),(120,'20240130','제12조의4(보호구역에 대한 실태조사 등) ①·② (현행과 같음)',1,5,1,'20240731'),(121,'20240130','③ 시장등은 제1항에 따른 실태조사 업무의 일부를 대통령령으로 정하는 바에 따라 <P>「한국도로교통공단법」에 따른 한국도로교통공단(이하 “한국도로교통공단”이라 한다)</P> 또는 교통 관련 전문기관에 위탁할 수 있다.',2,5,1,'20240731'),(122,'20240130','제74조(교통안전교육기관의 지정 등) ① (현행과 같음)',3,5,1,'20240731'),(123,'20240130','② 시ㆍ도경찰청장은 교통안전교육을 하기 위하여 다음 각 호의 어느 하나에 해당하는 기관이나 시설이 대통령령으로 정하는 시설ㆍ설비 및 강사 등의 요건을 갖추어 신청하는 경우에는 해당 기관이나 시설을 교통안전교육을 하는 기관(이하 “교통안전교육기관”이라 한다)으로 지정할 수 있다.',4,5,1,'20240731'),(124,'20240130','1. (현행과 같음)',5,5,1,'20240731'),(125,'20240130','2. <P>한국도로교통공단</P>과 그 지부(支部)ㆍ지소 및 교육기관',6,5,1,'20240731'),(126,'20240130','3.·4. (현행과 같음)',7,5,1,'20240731'),(127,'20240130','③·④ (현행과 같음)',8,5,1,'20240731'),(128,'20240130','제83조(운전면허시험 등) ① 운전면허시험(제1종 보통면허시험 및 제2종 보통면허시험은 제외한다)은 <P>한국도로교통공단</P>이 다음 각 호의 사항에 대하여 제80조제2항에 따른 운전면허의 구분에 따라 실시한다. 다만, 대통령령으로 정하는 운전면허시험은 대통령령으로 정하는 바에 따라 시ㆍ도경찰청장이나 <P>한국도로교통공단</P>이 실시한다.',9,5,1,'20240731'),(129,'20240130','1. ∼ 5. (현행과 같음)',10,5,1,'20240731'),(130,'20240130','② 제1종 보통면허시험과 제2종 보통면허시험은 <P>한국도로교통공단</P>이 응시자가 도로에서 자동차를 운전할 능력이 있는지에 대하여 실시한다. 이 경우 제1종 보통면허시험은 제1종 보통연습면허를 받은 사람을 대상으로 하고, 제2종 보통면허시험은 제2종 보통연습면허를 받은 사람을 대상으로 한다.',11,5,1,'20240731'),(131,'20240130','③ ∼ ⑤ (현행과 같음)',12,5,1,'20240731'),(132,'20240130','제84조(운전면허시험의 면제) ①·② (현행과 같음)',13,5,1,'20240731'),(133,'20240130','③ <P>한국도로교통공단</P>은 제1항제3호 및 제2항에 따라 외국면허증을 가진 사람에게 운전면허시험의 일부를 면제하고 국내운전면허증을 발급하는 경우에는 해당 외국면허증을 발급한 국가의 요청이 있는 경우 등 대통령령으로 정하는 사유가 있는 경우에만 그 사람의 외국면허증을 회수할 수 있다. 이 경우 그 외국면허증을 발급한 국가의 관계 기관의 요청이 있는 경우에는 그 외국면허증을 해당 국가에 송부할 수 있다.',14,5,1,'20240731'),(134,'20240130','제84조의2(부정행위자에 대한 조치) ① 경찰청장은 제106조에 따른 전문학원의 강사자격시험 및 제107조에 따른 기능검정원 자격시험에서, 시ㆍ도경찰청장 또는 <P>한국도로교통공단</P>은 제83조에 따른 운전면허시험에서 부정행위를 한 사람에 대하여는 해당 시험을 각각 무효로 처리한다.',15,5,1,'20240731'),(135,'20240130','② (현행과 같음)',16,5,1,'20240731'),(136,'20240130','제87조(운전면허증의 갱신과 정기 적성검사) ① (현행과 같음)',17,5,1,'20240731'),(137,'20240130','② 다음 각 호의 어느 하나에 해당하는 사람은 제1항에 따른 운전면허증 갱신기간에 대통령령으로 정하는 바에 따라 <P>한국도로교통공단</P>이 실시하는 정기(定期) 적성검사(適性檢査)를 받아야 한다.',18,5,1,'20240731'),(138,'20240130','1.·2. (현행과 같음)',19,5,1,'20240731'),(139,'20240130','③·④ (현행과 같음)',20,5,1,'20240731'),(140,'20240130','제88조(수시 적성검사) ① 제1종 운전면허 또는 제2종 운전면허를 받은 사람(제96조제1항에 따른 국제운전면허증 또는 상호인정외국면허증을 받은 사람을 포함한다)이 안전운전에 장애가 되는 후천적 신체장애 등 대통령령으로 정하는 사유에 해당되는 경우에는 <P>한국도로교통공단</P>이 실시하는 수시(隨時) 적성검사를 받아야 한다.',21,5,1,'20240731'),(141,'20240130','② (현행과 같음)',22,5,1,'20240731'),(142,'20240130','제90조(정신 질환 등이 의심되는 사람에 대한 조치) <P>한국도로교통공단</P>은 다음 각 호의 어느 하나에 해당하는 사람이 제82조제1항제2호 또는 제5호에 해당한다고 인정할 만한 상당한 사유가 있는 경우에는 해당 분야 전문의(專門醫)의 정밀진단을 받게 할 수 있다.',23,5,1,'20240731'),(143,'20240130','1.·2. (현행과 같음)',24,5,1,'20240731'),(144,'20240130','<P><삭  제></P>',25,5,1,'20240731'),(145,'20240130','<P><삭  제></P>',26,5,1,'20240731'),(146,'20240130','<P><삭  제></P>',27,5,1,'20240731'),(147,'20240130','<P><삭  제></P>',28,5,1,'20240731'),(148,'20240130','<P><삭  제></P>',29,5,1,'20240731'),(149,'20240130','<P><삭  제></P>',30,5,1,'20240731'),(150,'20240130','<P><삭  제></P>',31,5,1,'20240731'),(151,'20240130','<P><삭  제></P>',32,5,1,'20240731'),(152,'20240130','<P><삭  제></P>',33,5,1,'20240731'),(153,'20240130','<P><삭  제></P>',34,5,1,'20240731'),(154,'20240130','<P><삭  제></P>',35,5,1,'20240731'),(155,'20240130','<P><삭  제></P>',36,5,1,'20240731'),(156,'20240130','<P><삭  제></P>',37,5,1,'20240731'),(157,'20240130','<P><삭  제></P>',38,5,1,'20240731'),(158,'20240130','제137조(운전자에 관한 정보의 관리 및 제공 등) ① (현행과 같음)',39,5,1,'20240731'),(159,'20240130','② 시ㆍ도경찰청장 및 경찰서장은 운전자의 운전면허ㆍ교통사고 및 교통법규 위반에 관한 정보를, <P>한국도로교통공단</P>은 운전면허에 관한 정보를 각각 제1항에 따른 전산시스템에 등록ㆍ관리하여야 한다.',40,5,1,'20240731'),(160,'20240130','③ 운전자 본인 또는 그 대리인은 행정안전부령으로 정하는 바에 따라 시ㆍ도경찰청장, 경찰서장 또는 <P>한국도로교통공단</P>에 제1항에 따른 정보를 확인하는 증명을 신청할 수 있다.',41,5,1,'20240731'),(161,'20240130','④ 시ㆍ도경찰청장, 경찰서장 또는 <P>한국도로교통공단</P>은 제3항에 따른 신청을 받으면 행정안전부령으로 정하는 바에 따라 운전자에 관한 정보를 확인하는 서류로써 증명하여 주어야 한다.',42,5,1,'20240731'),(162,'20240130','⑤ 경찰청장 또는 <P>한국도로교통공단</P>은 운전면허증의 진위 여부에 대한 확인요청이 있는 경우 제1항에 따른 전산시스템을 이용하여 그 진위를 확인하여 줄 수 있다.',43,5,1,'20240731'),(163,'20240130','제139조(수수료) ① 다음 각 호의 어느 하나에 해당하는 사람은 행정안전부령으로 정하는 바에 따라 수수료를 내야 한다. 다만, 경찰청장 또는 시ㆍ도경찰청장이 제147조에 따라 업무를 대행하게 한 경우에는 그 업무를 대행하는 <P>한국도로교통공단</P>이 경찰청장의 승인을 받아 결정ㆍ공고하는 수수료를 <P>한국도로교통공단</P>에 내야 한다.',44,5,1,'20240731'),(164,'20240130','1. ∼ 11. (현행과 같음)',45,5,1,'20240731'),(165,'20240130','② 다음 각 호의 어느 하나에 해당하는 사람은 <P>한국도로교통공단</P>이 경찰청장의 승인을 받아 결정ㆍ공고하는 수수료를 내야 한다.',46,5,1,'20240731'),(166,'20240130','1.·2. (현행과 같음)',47,5,1,'20240731'),(167,'20240130','제141조(지도 및 감독 등) ① ∼ ③ (현행과 같음)',48,5,1,'20240731'),(168,'20240130','<P><삭  제></P>',49,5,1,'20240731'),(169,'20240130','제147조(위임 및 위탁 등) ① ∼ ④ (현행과 같음)',50,5,1,'20240731'),(170,'20240130','⑤ 시ㆍ도경찰청장은 이 법에 따른 운전면허와 관련된 업무의 일부를 대통령령으로 정하는 바에 따라 <P>한국도로교통공단</P>으로 하여금 대행 또는 위탁하게 할 수 있다.',51,5,1,'20240731'),(171,'20240130','⑥ 경찰청장은 제106조와 제107조에 따른 강사 및 기능검정원에 대한 자격시험과 자격증 발급 업무를 <P>한국도로교통공단</P>으로 하여금 대행하게 할 수 있다.',52,5,1,'20240731'),(172,'20240130','제150조(벌칙) 다음 각 호의 어느 하나에 해당하는 사람은 2년 이하의 징역이나 500만원 이하의 벌금에 처한다.',53,5,1,'20240731'),(173,'20240130','1. ∼ 6. (현행과 같음)',54,5,1,'20240731'),(174,'20240130','<P><삭  제></P>',55,5,1,'20240731'),(175,'20231024','제2조(정의) 이 법에서 사용하는 용어의 뜻은 다음과 같다.',1,6,1,'20241025'),(176,'20231024','1. ∼ 22. (현행과 같음)',2,6,1,'20241025'),(177,'20231024','23. “어린이통학버스”란 다음 각 목의 시설 가운데 어린이(13세 미만인 사람을 말한다. 이하 같다)를 교육 대상으로 하는 시설에서 어린이의 <P>통학 등(현장체험학습 등 비상시적으로 이루어지는 교육활동을 위한 이동을 제외한다)</P>에 이용되는 자동차와 「여객자동차 운수사업법」 제4조제3항에 따른 여객자동차운송사업의 한정면허를 받아 어린이를 여객대상으로 하여 운행되는 운송사업용 자동차를 말한다.',3,6,1,'20241025'),(178,'20231024','가. ∼ 차. (현행과 같음)',4,6,1,'20241025'),(179,'20231024','24. ∼ 33. (현행과 같음)',5,6,1,'20241025'),(180,'20231024','<P>34. “음주운전 방지장치”란 술에 취한 상태에서 자동차등을 운전하려는 경우 시동이 걸리지 아니하도록 하는 것으로서 행정안전부령으로 정하는 것을 말한다.</P>',6,6,1,'20241025'),(181,'20231024','제44조(술에 취한 상태에서의 운전 금지) ① 누구든지 술에 취한 상태에서 자동차등(「건설기계관리법」 제26조제1항 단서에 따른 건설기계 외의 건설기계를 포함한다. 이하 이 조, 제45조, <P>제47조, 제50조의3</P>, 제93조제1항제1호부터 제4호까지 및 제148조의2에서 같다), 노면전차 또는 자전거를 운전하여서는 아니 된다.',7,6,1,'20241025'),(182,'20231024','② ∼ ⑤ (현행과 같음)',8,6,1,'20241025'),(183,'20231024','제73조(교통안전교육) ① ∼ ⑤ (현행과 같음)',10,6,1,'20241025'),(184,'20231024','<P>⑥ 제80조의2에 따른 음주운전 방지장치 부착 조건부 운전면허를 받으려는 사람은 대통령령으로 정하는 바에 따라 제83조제1항제2호 및 제3호의 사항에 대한 운전면허시험에 응시하기 전에 음주운전 방지장치의 작동방법 및 음주운전 예방에 관한 교통안전교육을 받아야 한다.</P>',11,6,1,'20241025'),(185,'20231024','제82조(운전면허의 결격사유) ① (현행과 같음)',13,6,1,'20241025'),(186,'20231024','② 다음 각 호의 어느 하나의 경우에 해당하는 사람은 해당 각 호에 규정된 기간이 지나지 아니하면 운전면허를 받을 수 없다. 다만, 다음 각 호의 사유로 인하여 벌금 미만의 형이 확정되거나 선고유예의 판결이 확정된 경우 또는 기소유예나 「소년법」 제32조에 따른 보호처분의 결정이 있는 경우에는 각 호에 규정된 기간 내라도 운전면허를 받을 수 있다.',14,6,1,'20241025'),(187,'20231024','1. ∼ 9. (현행과 같음)',15,6,1,'20241025'),(188,'20231024','<P>10. 제80조의2제2항에 따라 음주운전 방지장치를 부착하는 기간(조건부 운전면허의 경우는 제외한다)</P>',16,6,1,'20241025'),(189,'20231024','③ (현행과 같음)',17,6,1,'20241025'),(190,'20231024','1. ∼ 20. (현행과 같음)',20,6,1,'20241025'),(191,'20231024','<P>21. 제50조의3제1항을 위반하여 음주운전 방지장치가 설치된 자동차등을 시ㆍ도경찰청에 등록하지 아니하고 운전한 경우</P>',21,6,1,'20241025'),(192,'20231024','<P>22. 제50조의3제3항을 위반하여 음주운전 방지장치가 설치되지 아니하거나 설치기준에 부합하지 아니한 음주운전 방지장치가 설치된 자동차등을 운전한 경우</P>',22,6,1,'20241025'),(193,'20231024','<P>23. 제50조의3제4항을 위반하여 음주운전 방지장치가 해체ㆍ조작 또는 그 밖의 방법으로 효용이 떨어진 것을 알면서 해당 장치가 설치된 자동차등을 운전한 경우</P>',23,6,1,'20241025'),(194,'20231024','② ∼ ④ (현행과 같음)',24,6,1,'20241025'),(195,'20231024','제147조(위임 및 위탁 등) ① ∼ ④ (현행과 같음)',25,6,1,'20241025'),(196,'20231024','⑤ 시ㆍ도경찰청장은 이 법에 따른 운전면허와 관련된 업무의 일부를 대통령령으로 정하는 바에 따라 공단으로 하여금 <P>대행 또는 위탁하게</P> 할 수 있다.',26,6,1,'20241025'),(197,'20231024','⑥ (현행과 같음)',27,6,1,'20241025'),(198,'20231024','제152조(벌칙) 다음 각 호의 어느 하나에 해당하는 사람은 1년 이하의 징역이나 300만원 이하의 벌금에 처한다.',29,6,1,'20241025'),(199,'20231024','1. (현행과 같음)',30,6,1,'20241025'),(200,'20231024','<P>1의2. 제50조의3제3항을 위반하여 조건부 운전면허를 발급받고 음주운전 방지장치가 설치되지 아니하거나 설치기준에 적합하지 아  니하게 설치된 자동차등을 운전한 사람</P>',31,6,1,'20241025'),(201,'20231024','2. ∼ 6. (현행과 같음)',32,6,1,'20241025'),(202,'20231024','제160조(과태료) ① 다음 각 호의 어느 하나에 해당하는 사람에게는 500만원 이하의 과태료를 부과한다.',33,6,1,'20241025'),(203,'20231024','1. ∼ 8. (현행과 같음)',34,6,1,'20241025'),(204,'20231024','<P>9. 제50조의3제6항을 위반하여 음주운전 방지장치가 설치된 자동차등을 등록한 후 행정안전부령에 따른 음주운전 방지장치 부착 자동차등의 운행기록을 제출하지 아니하거나 정상 작동 여부를 검사받지 아니한 사람</P>',35,6,1,'20241025'),(205,'20231024','② ∼ ④ (현행과 같음)',36,6,1,'20241025'),(206,'20230418','제2조(정의) 이 법에서 사용하는 용어의 뜻은 다음과 같다.',1,7,1,'20231019'),(207,'20230418','1. ∼ 9. (현행과 같음)',2,7,1,'20231019'),(208,'20230418','10. “보도”(步道)란 연석선, 안전표지나 그와 비슷한 인공구조물로 경계를 표시하여 보행자(유모차, 보행보조용 의자차, 노약자용 보행기 등 행정안전부령으로 정하는 기구ㆍ장치를 이용하여 통행하는 <P>사람 및 제21호의3에 따른 실외이동로봇</P>을 포함한다. 이하 같다)가 통행할 수 있도록 한 도로의 부분을 말한다.',3,7,1,'20231019'),(209,'20230418','11. ∼ 16. (현행과 같음)',4,7,1,'20231019'),(210,'20230418','17. “차마”란 다음 각 목의 차와 우마를 말한다.',5,7,1,'20231019'),(211,'20230418','가. “차”란 다음의 어느 하나에 해당하는 것을 말한다.',6,7,1,'20231019'),(212,'20230418','1) ∼ 4) (현행과 같음)',7,7,1,'20231019'),(213,'20230418','5) 사람 또는 가축의 힘이나 그 밖의 동력(動力)으로 도로에서 운전되는 것. 다만, 철길이나 가설(架設)된 선을 이용하여 운전되는 것, 유모차, 보행보조용 의자차, 노약자용 <P>보행기, 제21호의3에 따른 실외이동로봇</P> 등 행정안전부령으로 정하는 기구ㆍ장치는 제외한다.',8,7,1,'20231019'),(214,'20230418','나. (현행과 같음)',9,7,1,'20231019'),(215,'20230418','17의2. ∼ 18의3. (현행과 같음)',10,7,1,'20231019'),(216,'20230418','19. “원동기장치자전거”란 다음 각 목의 어느 하나에 해당하는 차를 말한다.',11,7,1,'20231019'),(217,'20230418','가. (현행과 같음)',12,7,1,'20231019'),(218,'20230418','나. 그 밖에 배기량 125시시 이하(전기를 동력으로 하는 경우에는 최고정격출력 11킬로와트 이하)의 원동기를 단 차(「자전거 이용 활성화에 관한 법률」 제2조제1호의2에 따른 <P>전기자전거 및 제21호의3에 따른 실외이동로봇은</P> 제외한다)',13,7,1,'20231019'),(219,'20230418','19의2. ∼ 21의2. (현행과 같음)',14,7,1,'20231019'),(220,'20230418','<P>21의3. “실외이동로봇”이란 「지능형 로봇 개발 및 보급 촉진법」 제2조제1호에 따른 지능형 로봇 중 행정안전부령으로 정하는 것을 말한다.</P>',15,7,1,'20231019'),(221,'20230418','22. ∼ 33. (현행과 같음)',16,7,1,'20231019'),(222,'20230418','<P>제8조의2(실외이동로봇 운용자의 의무) ① 실외이동로봇을 운용하는 사람(실외이동로봇을 조작ㆍ관리하는 사람을 포함하며, 이하 “실외이동로봇 운용자”라 한다)은 실외이동로봇의 운용 장치와 그 밖의 장치를 정확하게 조작하여야 한다.\n  ② 실외이동로봇 운용자는 실외이동로봇의 운용 장치를 도로의 교통상황과 실외이동로봇의 구조 및 성능에 따라 차, 노면전차 또는 다른 사람에게 위험과 장해를 주는 방법으로 운용하여서는 아니 된다.</P>',17,7,1,'20231019'),(223,'20230418','제12조<P>(어린이 보호구역의 지정ㆍ해제 및 관리)</P> ① 시장등은 교통사고의 위험으로부터 어린이를 보호하기 위하여 필요하다고 인정하는 경우에는 다음 각 호의 어느 하나에 해당하는 시설이나 장소의 주변도로 가운데 일정 구간을 어린이 보호구역으로 지정하여 자동차등과 노면전차의 통행속도를 시속 30킬로미터 이내로 제한할 수 있다.',18,7,1,'20231019'),(224,'20230418','1. ∼ 3. (현행과 같음)',19,7,1,'20231019'),(225,'20230418','4. 「초ㆍ중등교육법」 제60조의2 또는 제60조의3에 따른 외국인학교 또는 <P>대안학교, 「대안교육기관에 관한 법률」 제2조제2호에 따른 대안교육기관</P>, 「제주특별자치도 설치 및 국제자유도시 조성을 위한 특별법」 제223조에 따른 국제학교 및 「경제자유구역 및 제주국제자유도시의 외국교육기관 설립ㆍ운영에 관한 특별법」 제2조제2호에 따른 외국교육기관 중 유치원ㆍ초등학교 교과과정이 있는 학교',20,7,1,'20231019'),(226,'20230418','5. (현행과 같음)',21,7,1,'20231019'),(227,'20230418','② 제1항에 따른 어린이 보호구역의 <P>지정ㆍ해제 절차</P> 및 기준 등에 관하여 필요한 사항은 교육부, 행정안전부 및 국토교통부의 공동부령으로 정한다.',22,7,1,'20231019'),(228,'20230418','③·④ (현행과 같음)',23,7,1,'20231019'),(229,'20230418','⑤ 시장등은 제1항에 따라 지정한 어린이 보호구역에 어린이의 안전을 위하여 다음 각 호에 따른 시설 또는 장비를 우선적으로 설치하거나 관할 도로관리청에 해당 시설 또는 장비의 설치를 요청하여야 한다.',24,7,1,'20231019'),(230,'20230418','1. (현행과 같음)',25,7,1,'20231019'),(231,'20230418','2. 속도 <P>제한, 횡단보도, 기점(起點) 및 종점(終點)</P>에 관한 안전표지',26,7,1,'20231019'),(232,'20230418','3.·4. (현행과 같음)',27,7,1,'20231019'),(233,'20230418','제12조의2<P>(노인 및 장애인 보호구역의 지정ㆍ해제 및 관리)</P> ① (현행과 같음)',28,7,1,'20231019'),(234,'20230418','② 제1항에 따른 노인 보호구역 또는 장애인 보호구역의 <P>지정ㆍ해제 절차</P> 및 기준 등에 관하여 필요한 사항은 행정안전부, 보건복지부 및 국토교통부의 공동부령으로 정한다.',29,7,1,'20231019'),(235,'20230418','③ (현행과 같음)',30,7,1,'20231019'),(236,'20230418','제157조(벌칙) 다음 각 호의 어느 하나에 해당하는 사람은 20만원 이하의 벌금이나 구류 또는 과료에 처한다.',32,7,1,'20231019'),(237,'20230418','1. 제5조, 제8조제1항, 제10조제2항부터 제5항까지의 규정을 위반한 <P>보행자(실외이동로봇이 위반한 경우에는 실외이동로봇 운용자를 포함한다)</P>',33,7,1,'20231019'),(238,'20230418','2. 제6조제1항ㆍ제2항ㆍ제4항 또는 제7조에 따른 금지ㆍ제한 또는 조치를 위반한 <P>보행자(실외이동로봇이 위반한 경우에는 실외이동로봇 운용자를 포함한다)</P>',34,7,1,'20231019'),(239,'20230418','<P>2의2. 제8조의2제2항을 위반한 실외이동로봇 운용자</P>',35,7,1,'20231019'),(240,'20230418','3.·4. (현행과 같음)',36,7,1,'20231019'),(241,'20220111','제2조(정의) 이 법에서 사용하는 용어의 뜻은 다음과 같다.',1,8,1,'20220712'),(242,'20220111','1. ∼ 13. (현행과 같음)',2,8,1,'20220712'),(243,'20220111','<P>13의2. “회전교차로”란 교차로 중 차마가 원형의 교통섬(차마의 안전하고 원활한 교통처리나 보행자 도로횡단의 안전을 확보하기 위하여 교차로 또는 차도의 분기점 등에 설치하는 섬 모양의 시설을 말한다)을 중심으로 반시계방향으로 통행하도록 한 원형의 도로를 말한다.</P>',3,8,1,'20220712'),(244,'20220111','14. ∼ 25. (현행과 같음)',4,8,1,'20220712'),(245,'20220111','26. “운전”이란 도로(<P>제27조제6항제3호ㆍ제44조ㆍ제45조ㆍ제54조제1항ㆍ제148조ㆍ제148조의2</P> 및 제156조제10호의 경우에는 도로 외의 곳을 포함한다)에서 차마 또는 노면전차를 그 본래의 사용방법에 따라 사용하는 것(조종 또는 자율주행시스템을 사용하는 것을 포함한다)을 말한다.',5,8,1,'20220712'),(246,'20220111','27. ∼ 31. (현행과 같음)',6,8,1,'20220712'),(247,'20220111','<P>31의2. “보행자우선도로”란 「보행안전 및 편의증진에 관한 법률」 제2조제3호에 따른 보행자우선도로를 말한다.</P>',7,8,1,'20220712'),(248,'20220111','32.·33. (현행과 같음)',8,8,1,'20220712'),(249,'20220111','제8조(보행자의 통행) ①·② (현행과 같음)',9,8,1,'20220712'),(250,'20220111','③ <P>보행자는 다음 각 호의 어느 하나에 해당하는 곳에서는 도로의 전 부분으로 통행할 수 있다.</P> 이 경우 보행자는 고의로 차마의 진행을 방해하여서는 아니 된다.',10,8,1,'20220712'),(251,'20220111','<P>1. 보도와 차도가 구분되지 아니한 도로 중 중앙선이 없는 도로(일방통행인 경우에는 차선으로 구분되지 아니한 도로에 한정한다. 이하 같다)</P>',11,8,1,'20220712'),(252,'20220111','<P>2. 보행자우선도로</P>',12,8,1,'20220712'),(253,'20220111','④ (현행과 같음)',13,8,1,'20220712'),(254,'20220111','제27조(보행자의 보호) ① 모든 차 또는 노면전차의 운전자는 보행자(제13조의2제6항에 따라 자전거등에서 내려서 자전거등을 끌거나 들고 통행하는 자전거등의 운전자를 포함한다)가 횡단보도를 통행하고 <P>있거나 통행하려고 하는</P> 때에는 보행자의 횡단을 방해하거나 위험을 주지 아니하도록 그 횡단보도 앞(정지선이 설치되어 있는 곳에서는 그 정지선을 말한다)에서 일시정지하여야 한다.',15,8,1,'20220712'),(255,'20220111','② ∼ ⑤ (현행과 같음)',16,8,1,'20220712'),(256,'20220111','⑥ 모든 차의 운전자는 <P>다음 각 호의 어느 하나에 해당하는 곳</P>에서 보행자의 옆을 지나는 경우에는 안전한 거리를 두고 서행하여야 하며, 보행자의 통행에 방해가 될 때에는 서행하거나 일시정지하여 보행자가 안전하게 통행할 수 있도록 하여야 한다.',17,8,1,'20220712'),(257,'20220111','<P>1. 보도와 차도가 구분되지 아니한 도로 중 중앙선이 없는 도로</P>',18,8,1,'20220712'),(258,'20220111','<P>2. 보행자우선도로</P>',19,8,1,'20220712'),(259,'20220111','<P>3. 도로 외의 곳</P>',20,8,1,'20220712'),(260,'20220111','<P>⑦ 모든 차 또는 노면전차의 운전자는 제12조제1항에 따른 어린이 보호구역 내에 설치된 횡단보도 중 신호기가 설치되지 아니한 횡단보도 앞(정지선이 설치된 경우에는 그 정지선을 말한다)에서는 보행자의 횡단 여부와 관계없이 일시정지하여야 한다.</P>',21,8,1,'20220712'),(261,'20220111','<P>제28조의2(보행자우선도로) 시ㆍ도경찰청장이나 경찰서장은 보행자우선도로에서 보행자를 보호하기 위하여 필요하다고 인정하는 경우에는 차마의 통행속도를 시속 20킬로미터 이내로 제한할 수 있다.</P>',22,8,1,'20220712'),(262,'20220111','제38조(차의 신호) ① 모든 차의 운전자는 좌회전ㆍ우회전ㆍ횡단ㆍ유턴ㆍ서행ㆍ정지 또는 후진을 하거나 같은 방향으로 진행하면서 진로를 바꾸려고 하는 <P>경우와 회전교차로에 진입하거나 회전교차로에서 진출하는 경우</P>에는 손이나 방향지시기 또는 등화로써 그 행위가 끝날 때까지 신호를 하여야 한다.',23,8,1,'20220712'),(263,'20220111','② (현행과 같음)',24,8,1,'20220712'),(264,'20220111','제82조(운전면허의 결격사유) ① (현행과 같음)',25,8,1,'20220712'),(265,'20220111','② 다음 각 호의 어느 하나의 경우에 해당하는 사람은 해당 각 호에 규정된 기간이 지나지 아니하면 운전면허를 받을 수 없다. 다만, 다음 각 호의 사유로 인하여 벌금 미만의 형이 확정되거나 선고유예의 판결이 확정된 경우 또는 기소유예나 「소년법」 제32조에 따른 보호처분의 결정이 있는 경우에는 각 호에 규정된 기간 내라도 운전면허를 받을 수 있다.',26,8,1,'20220712'),(266,'20220111','1. ∼ 6. (현행과 같음)',27,8,1,'20220712'),(267,'20220111','7. 제1호부터 제6호까지의 규정에 따른 경우가 아닌 다른 사유로 운전면허가 취소된 경우에는 운전면허가 취소된 날부터 1년(원동기장치자전거면허를 받으려는 경우에는 6개월로 하되, 제46조를 위반하여 운전면허가 취소된 경우에는 1년). 다만, 제93조제1항제9호의 사유로 운전면허가 <P>취소된</P> 경우에는 그러하지 아니하다.',28,8,1,'20220712'),(268,'20220111','8.·9. (현행과 같음)',29,8,1,'20220712'),(269,'20220111','③ (현행과 같음)',30,8,1,'20220712'),(270,'20220111','제156조(벌칙) 다음 각 호의 어느 하나에 해당하는 사람은 20만원 이하의 벌금이나 구류 또는 과료(科料)에 처한다.',31,8,1,'20220712'),(271,'20220111','2. ∼ 13. (현행과 같음)',33,8,1,'20220712'),(272,'20220111','제160조(과태료) ①·② (현행과 같음)',34,8,1,'20220712'),(273,'20220111','1.·2. (현행과 같음)',36,8,1,'20220712'),(274,'20220111','④ (현행과 같음)',37,8,1,'20220712'),(275,'20230103','제4조의2(무인 교통단속용 장비의 설치 및 관리) ① (현행과 같음)',1,9,1,'20230704'),(276,'20230103','<P>② 무인 교통단속용 장비의 설치ㆍ관리기준, 그 밖에 필요한 사항은 행정안전부령으로 정한다.</P>',2,9,1,'20230704'),(277,'20230103','<P>③ 무인 교통단속용 장비의 철거 또는 원상회복 등에 관하여는 제3조제4항부터 제6항까지의 규정을 준용한다. 이 경우 “교통안전시설”은 “무인 교통단속용 장비”로 본다.</P>',3,9,1,'20230704'),(278,'20230103','<P>제7조의2(고령운전자 표지) ① 국가 또는 지방자치단체는 고령운전자의 안전운전 및 교통사고 예방을 위하여 행정안전부령으로 정하는 바에 따라 고령운전자가 운전하는 차임을 나타내는 표지(이하 “고령운전자 표지”라 한다)를 제작하여 배부할 수 있다.\n  ② 고령운전자는 다른 차의 운전자가 쉽게 식별할 수 있도록 차에 고령운전자 표지를 부착하고 운전할 수 있다.</P>',4,9,1,'20230704'),(279,'20230103','제12조의2(노인 및 장애인 보호구역의 지정 및 관리) ① 시장등은 교통사고의 위험으로부터 노인 또는 장애인을 보호하기 위하여 필요하다고 인정하는 경우에는 제1호부터 제3호까지 및 <P>제3호의2에 따른 시설 또는 장소</P>의 주변도로 가운데 일정 구간을 노인 보호구역으로, 제4호에 따른 시설의 주변도로 가운데 일정 구간을 장애인 보호구역으로 각각 지정하여 차마와 노면전차의 통행을 제한하거나 금지하는 등 필요한 조치를 할 수 있다.',5,9,1,'20230704'),(280,'20230103','1. ∼ 3. (현행과 같음)',6,9,1,'20230704'),(281,'20230103','3의2. 그 밖에 노인이 자주 왕래하는 곳으로서 조례로 정하는 <P>시설 또는 장소</P>',7,9,1,'20230704'),(282,'20230103','4. (현행과 같음)',8,9,1,'20230704'),(283,'20230103','②·③ (현행과 같음)',9,9,1,'20230704'),(284,'20230103','제44조(술에 취한 상태에서의 운전 금지) ① ∼ ④ (현행과 같음)',11,9,1,'20230704'),(285,'20230103','<P>⑤ 제2항 및 제3항에 따른 측정의 방법, 절차 등 필요한 사항은 행정안전부령으로 정한다.</P>',12,9,1,'20230704'),(286,'20230103','② 술에 취한 상태에 있다고 인정할 만한 상당한 이유가 있는 사람으로서 제44조제2항에 따른 경찰공무원의 측정에 응하지 아니하는 사람(자동차등 또는 노면전차를 <P>운전한 경우로</P> 한정한다)은 1년 이상 5년 이하의 징역이나 500만원 이상 2천만원 이하의 벌금에 처한다.',14,9,1,'20230704'),(287,'20230103','③·④ (현행과 같음)',15,9,1,'20230704'),(288,'20211019','제2조(정의) 이 법에서 사용하는 용어의 뜻은 다음과 같다.',1,10,1,'20220420'),(289,'20211019','1. ∼ 9. (현행과 같음)',2,10,1,'20220420'),(290,'20211019','10. “보도”(步道)란 연석선, 안전표지나 그와 비슷한 인공구조물로 경계를 표시하여 <P>보행자(유모차, 보행보조용 의자차, 노약자용 보행기 등</P> 행정안전부령으로 정하는 <P>기구ㆍ장치를 이용하여 통행하는 사람을</P> 포함한다. 이하 같다)가 통행할 수 있도록 한 도로의 부분을 말한다.',3,10,1,'20220420'),(291,'20211019','11. ∼ 16. (현행과 같음)',4,10,1,'20220420'),(292,'20211019','17. “차마”란 다음 각 목의 차와 우마를 말한다.',5,10,1,'20220420'),(293,'20211019','가. “차”란 다음의 어느 하나에 해당하는 것을 말한다.',6,10,1,'20220420'),(294,'20211019','1) ∼ 4) (현행과 같음)',7,10,1,'20220420'),(295,'20211019','5) 사람 또는 가축의 힘이나 그 밖의 동력(動力)으로 도로에서 운전되는 것. 다만, 철길이나 가설(架設)된 선을 이용하여 운전되는 것, <P>유모차, 보행보조용 의자차, 노약자용 보행기 등</P> 행정안전부령으로 정하는 <P>기구ㆍ장치</P>는 제외한다.',8,10,1,'20220420'),(296,'20211019','나. (현행과 같음)',9,10,1,'20220420'),(297,'20211019','17의2.·18. (현행과 같음)',10,10,1,'20220420'),(298,'20211019','<P>18의2. “자율주행시스템”이란 「자율주행자동차 상용화 촉진 및 지원에 관한 법률」 제2조제1항제2호에 따른 자율주행시스템을 말한다. 이 경우 그 종류는 완전 자율주행시스템, 부분 자율주행시스템 등 행정안전부령으로 정하는 바에 따라 세분할 수 있다.</P>',11,10,1,'20220420'),(299,'20211019','<P>18의3. “자율주행자동차”란 「자동차관리법」 제2조제1호의3에 따른 자율주행자동차로서 자율주행시스템을 갖추고 있는 자동차를 말한다.</P>',12,10,1,'20220420'),(300,'20211019','19. ∼ 25. (현행과 같음)',13,10,1,'20220420'),(301,'20211019','26. “운전”이란 도로(제44조ㆍ제45조ㆍ제54조제1항ㆍ제148조ㆍ제148조의2 및 제156조제10호의 경우에는 도로 외의 곳을 포함한다)에서 차마 또는 노면전차를 그 본래의 사용방법에 따라 사용하는 <P>것(조종 또는 자율주행시스템을 사용하는 것</P>을 포함한다)을 말한다.',14,10,1,'20220420'),(302,'20211019','27. ∼ 33. (현행과 같음)',15,10,1,'20220420'),(303,'20211019','제8조(보행자의 통행) ① (현행과 같음)',16,10,1,'20220420'),(304,'20211019','② 보행자는 보도와 차도가 구분되지 아니한 <P>도로 중 중앙선이 있는 도로(일방통행인 경우에는 차선으로 구분된 도로를 포함한다)에서는</P> 길가장자리 또는 길가장자리구역으로 통행하여야 한다. <P><단서 삭제></P>',17,10,1,'20220420'),(305,'20211019','<P>③ 보행자는 보도와 차도가 구분되지 아니한 도로 중 중앙선이 없는 도로(일방통행인 경우에는 차선으로 구분되지 아니한 도로에 한정한다. 이하 같다)에서는 도로의 전 부분으로 통행할 수 있다. 이 경우 보행자는 고의로 차마의 진행을 방해하여서는 아니 된다.</P>',18,10,1,'20220420'),(306,'20211019','<P>④ 보행자는 보도에서는 우측통행을 원칙으로 한다.</P>',19,10,1,'20220420'),(307,'20211019','제12조(어린이 보호구역의 지정 및 관리) ① 시장등은 교통사고의 위험으로부터 어린이를 보호하기 위하여 필요하다고 인정하는 경우에는 다음 각 호의 어느 하나에 해당하는 <P>시설이나 장소</P>의 주변도로 가운데 일정 구간을 어린이 보호구역으로 지정하여 자동차등과 노면전차의 통행속도를 시속 30킬로미터 이내로 제한할 수 있다.',20,10,1,'20220420'),(308,'20211019','1. ∼ 4. (현행과 같음)',21,10,1,'20220420'),(309,'20211019','<P>5. 그 밖에 어린이가 자주 왕래하는 곳으로서 조례로 정하는 시설 또는 장소</P>',22,10,1,'20220420'),(310,'20211019','② ∼ ⑤ (현행과 같음)',23,10,1,'20220420'),(311,'20211019','제12조의2(노인 및 장애인 보호구역의 지정 및 관리) ① 시장등은 교통사고의 위험으로부터 노인 또는 장애인을 보호하기 위하여 필요하다고 인정하는 경우에는 제1호부터 제3호까지 및 제3호의2에 따른 시설의 주변도로 가운데 일정 구간을 노인 보호구역으로, 제4호에 따른 시설의 주변도로 가운데 일정 구간을 장애인 보호구역으로 각각 지정하여 차마와 노면전차의 통행을 제한하거나 금지하는 등 필요한 조치를 할 수 있다.',24,10,1,'20220420'),(312,'20211019','<P>1. 「노인복지법」 제31조에 따른 노인복지시설</P>',25,10,1,'20220420'),(313,'20211019','2. ∼ 3의2. (현행과 같음)',26,10,1,'20220420'),(314,'20211019','<P>4. 「장애인복지법」 제58조에 따른 장애인복지시설</P>',27,10,1,'20220420'),(315,'20211019','②·③ (현행과 같음)',28,10,1,'20220420'),(316,'20211019','제27조(보행자의 보호) ① ∼ ⑤ (현행과 같음)',29,10,1,'20220420'),(317,'20211019','<P>⑥ 모든 차의 운전자는 보도와 차도가 구분되지 아니한 도로 중 중앙선이 없는 도로에서 보행자의 옆을 지나는 경우에는 안전한 거리를 두고 서행하여야 하며, 보행자의 통행에 방해가 될 때에는 서행하거나 일시정지하여 보행자가 안전하게 통행할 수 있도록 하여야 한다.</P>',30,10,1,'20220420'),(318,'20211019','제49조(모든 운전자의 준수사항 등) ① 모든 차 또는 노면전차의 운전자는 다음 각 호의 사항을 지켜야 한다.',31,10,1,'20220420'),(319,'20211019','1. ∼ 3. (현행과 같음)',32,10,1,'20220420'),(320,'20211019','4. 교통단속용 장비의 기능을 방해하는 장치를 한 차나 그 밖에 안전운전에 지장을 줄 수 있는 것으로서 행정안전부령으로 정하는 기준에 적합하지 아니한 장치를 한 차를 운전하지 아니할 것. <P>다만,</P> 자율주행자동차의 신기술 개발을 위한 장치를 장착하는 경우에는 그러하지 아니하다.',33,10,1,'20220420'),(321,'20211019','5. ∼ 13. (현행과 같음)',34,10,1,'20220420'),(322,'20211019','② (현행과 같음)',35,10,1,'20220420'),(323,'20211019','<P>제50조의2(자율주행자동차 운전자의 준수사항 등) ① 행정안전부령으로 정하는 완전 자율주행시스템에 해당하지 아니하는 자율주행시스템을 갖춘 자동차의 운전자는 자율주행시스템의 직접 운전 요구에 지체 없이 대응하여 조향장치, 제동장치 및 그 밖의 장치를 직접 조작하여 운전하여야 한다.\n  ② 운전자가 자율주행시스템을 사용하여 운전하는 경우에는 제49조제1항제10호, 제11호 및 제11호의2의 규정을 적용하지 아니한다.</P>',36,10,1,'20220420'),(324,'20211019','제82조(운전면허의 결격사유) ① (현행과 같음)',37,10,1,'20220420'),(325,'20211019','② 다음 각 호의 어느 하나의 경우에 해당하는 사람은 해당 각 호에 규정된 기간이 지나지 아니하면 운전면허를 받을 수 없다. 다만, 다음 각 호의 사유로 인하여 벌금 미만의 형이 확정되거나 선고유예의 판결이 확정된 경우 또는 기소유예나 「소년법」 제32조에 따른 보호처분의 결정이 있는 경우에는 각 호에 규정된 기간 내라도 운전면허를 받을 수 있다.',38,10,1,'20220420'),(326,'20211019','1. ∼ 8. (현행과 같음)',39,10,1,'20220420'),(327,'20211019','<P>9. 제96조에 따른 국제운전면허증 또는 상호인정외국면허증으로 운전하는 운전자가 운전금지 처분을 받은 경우에는 그 금지기간</P>',40,10,1,'20220420'),(328,'20211019','③ (현행과 같음)',41,10,1,'20220420'),(329,'20211019','제84조(운전면허시험의 면제) ①·② (현행과 같음)',42,10,1,'20220420'),(330,'20211019','③ 도로교통공단은 제1항제3호 및 제2항에 따라 외국면허증을 가진 사람에게 운전면허시험의 일부를 면제하고 국내운전면허증을 발급하는 경우에는 <P>해당 외국면허증을 발급한 국가의 요청이 있는 경우 등 대통령령으로 정하는 사유가 있는 경우에만 그 사람의 외국면허증을 회수할 수 있다</P>. 이 경우 그 외국면허증을 발급한 국가의 관계 기관의 요청이 있는 경우에는 그 외국면허증을 해당 국가에 송부할 수 있다.',43,10,1,'20220420'),(331,'20211019','제88조(수시 적성검사) ① 제1종 운전면허 또는 제2종 운전면허를 받은 사람(제96조제1항에 따른 <P>국제운전면허증 또는 상호인정외국면허증</P>을 받은 사람을 포함한다)이 안전운전에 장애가 되는 후천적 신체장애 등 대통령령으로 정하는 사유에 해당되는 경우에는 도로교통공단이 실시하는 수시(隨時) 적성검사를 받아야 한다.',44,10,1,'20220420'),(332,'20211019','② (현행과 같음)',45,10,1,'20220420'),(333,'20211019','제92조(운전면허증 휴대 및 제시 등의 의무) ① 자동차등을 운전할 때에는 다음 각 호의 어느 하나에 해당하는 운전면허증 등을 지니고 있어야 한다.',46,10,1,'20220420'),(334,'20211019','1. 운전면허증, 제96조제1항에 따른 <P>국제운전면허증 또는 상호인정외국면허증</P>이나 「건설기계관리법」에 따른 건설기계조종사면허증(이하 “운전면허증등”이라 한다)',47,10,1,'20220420'),(335,'20211019','2. (현행과 같음)',48,10,1,'20220420'),(336,'20211019','② (현행과 같음)',49,10,1,'20220420'),(337,'20211019','1.·2. (현행과 같음)',51,10,1,'20220420'),(338,'20211019','3. 우리나라와 외국 간에 <P>국제운전면허증을</P> 상호 인정하는 협약, 협정 또는 약정',52,10,1,'20220420'),(339,'20211019','<P>4. 우리나라와 외국 간에 상대방 국가에서 발급한 운전면허증을 상호 인정하는 협약ㆍ협정 또는 약정</P>',53,10,1,'20220420'),(340,'20211019','② 국제운전면허증을 외국에서 <P>발급받은 사람 또는 상호인정외국면허증으로 운전하는</P> 사람은 「여객자동차 운수사업법」 또는 「화물자동차 운수사업법」에 따른 사업용 자동차를 운전할 수 없다. 다만, 「여객자동차 운수사업법」에 따른 대여사업용 자동차를 임차(賃借)하여 운전하는 경우에는 그러하지 아니하다.',54,10,1,'20220420'),(341,'20211019','③ (현행과 같음)',55,10,1,'20220420'),(342,'20211019','제97조(자동차등의 운전 금지) ① 제96조에 따라 <P>국제운전면허증 또는 상호인정외국면허증</P>을 가지고 국내에서 자동차등을 운전하는 사람이 다음 각 호의 어느 하나에 해당하는 경우에는 그 사람의 주소지를 관할하는 시ㆍ도경찰청장은 행정안전부령으로 정한 기준에 따라 1년을 넘지 아니하는 범위에서 <P>국제운전면허증 또는 상호인정외국면허증</P>에 의한 자동차등의 운전을 금지할 수 있다.',56,10,1,'20220420'),(343,'20211019','1. ∼ 4. (현행과 같음)',57,10,1,'20220420'),(344,'20211019','② 제1항에 따라 자동차등의 운전이 금지된 사람은 지체 없이 <P>국제운전면허증 또는 상호인정외국면허증</P>에 의한 운전을 금지한 시ㆍ도경찰청장에게 그 <P>국제운전면허증 또는 상호인정외국면허증</P>을 제출하여야 한다.',58,10,1,'20220420'),(345,'20211019','③ 시ㆍ도경찰청장은 제1항에 따른 금지기간이 끝난 경우 또는 금지처분을 받은 사람이 그 금지기간 중에 출국하는 경우에는 그 사람의 반환청구가 있으면 지체 없이 보관 중인 <P>국제운전면허증 또는 상호인정외국면허증</P>을 돌려주어야 한다.',59,10,1,'20220420'),(346,'20211019','제138조(운전면허증등의 보관) ① 경찰공무원은 자동차등의 운전자가 다음 각 호의 어느 하나에 해당하는 경우에는 현장에서 제164조에 따른 범칙금 납부통고서 또는 출석지시서를 발급하고, 운전면허증등의 제출을 요구하여 이를 보관할 수 있다. 이 경우 그 범칙금 납부통고서 또는 출석지시서에 운전면허증등의 보관 사실을 기록하여야 한다.',60,10,1,'20220420'),(347,'20211019','1.·2. (현행과 같음)',61,10,1,'20220420'),(348,'20211019','3. 제96조에 따라 외국에서 발급한 <P>국제운전면허증 또는 상호인정외국면허증</P>을 가진 사람으로서 제162조제1항에 따른 범칙행위를 한 경우',62,10,1,'20220420'),(349,'20211019','②·③ (현행과 같음)',63,10,1,'20220420'),(350,'20211019','제152조(벌칙) 다음 각 호의 어느 하나에 해당하는 사람은 1년 이하의 징역이나 300만원 이하의 벌금에 처한다.',64,10,1,'20220420'),(351,'20211019','1. 제43조를 위반하여 제80조에 따른 운전면허(원동기장치자전거면허는 제외한다. 이하 이 조에서 같다)를 받지 아니하거나(운전면허의 효력이 정지된 경우를 포함한다) 또는 제96조에 따른 <P>국제운전면허증 또는 상호인정외국면허증</P>을 받지 아니하고(운전이 금지된 경우와 유효기간이 지난 경우를 포함한다) 자동차를 운전한 사람',65,10,1,'20220420'),(352,'20211019','2. ∼ 6. (현행과 같음)',66,10,1,'20220420'),(353,'20211019','제154조(벌칙) 다음 각 호의 어느 하나에 해당하는 사람은 30만원 이하의 벌금이나 구류에 처한다.',67,10,1,'20220420'),(354,'20211019','1. (현행과 같음)',68,10,1,'20220420'),(355,'20211019','3. ∼ 4. (현행과 같음)',70,10,1,'20220420'),(356,'20211019','5. 제56조제2항을 위반하여 원동기장치자전거를 운전할 수 있는 운전면허를 받지 아니하거나(원동기장치자전거를 운전할 수 있는 운전면허의 효력이 정지된 경우를 포함한다) <P>국제운전면허증 또는 상호인정외국면허증</P> 중 원동기장치자전거를 운전할 수 있는 것으로 기재된 <P>국제운전면허증 또는 상호인정외국면허증</P>을 발급받지 아니한 사람(운전이 금지된 경우와 유효기간이 지난 경우를 포함한다)에게 원동기장치자전거를 운전하도록 시킨 고용주등',71,10,1,'20220420'),(357,'20211019','6. ∼ 9. (현행과 같음)',72,10,1,'20220420'),(358,'20211019','제156조(벌칙) 다음 각 호의 어느 하나에 해당하는 사람은 20만원 이하의 벌금이나 구류 또는 과료(科料)에 처한다.',73,10,1,'20220420'),(359,'20211019','1. ∼ 6. (현행과 같음)',74,10,1,'20220420'),(360,'20211019','<P>6의2. 제50조의2제1항을 위반하여 자율주행시스템의 직접 운전 요구에 지체 없이 대응하지 아니한 자율주행자동차의 운전자</P>',75,10,1,'20220420'),(361,'20211019','7. ∼ 12. (현행과 같음)',76,10,1,'20220420'),(362,'20211019','13. 제43조를 위반하여 제80조에 따른 원동기장치자전거를 운전할 수 있는 운전면허를 받지 아니하거나(원동기장치자전거를 운전할 수 있는 운전면허의 효력이 정지된 경우를 포함한다) <P>국제운전면허증 또는 상호인정외국면허증</P> 중 원동기장치자전거를 운전할 수 있는 것으로 기재된 <P>국제운전면허증 또는 상호인정외국면허증</P>을 발급받지 아니하고(운전이 금지된 경우와 유효기간이 지난 경우를 포함한다) 개인형 이동장치를 운전한 사람',77,10,1,'20220420'),(363,'20201222','제2조(정의) 이 법에서 사용하는 용어의 뜻은 다음과 같다.',1,11,1,'20210101'),(364,'20201222','1. ∼ 31. (현행과 같음)',2,11,1,'20210101'),(365,'20201222','32. “자동차운전학원”이란 자동차등의 운전에 관한 지식ㆍ기능을 교육하는 시설로서 다음 각 목의 시설 외의 시설을 말한다.',3,11,1,'20210101'),(366,'20201222','가. ∼ 다. (현행과 같음)',4,11,1,'20210101'),(367,'20201222','라. 지방자치단체 등이 신체장애인의 운전교육을 위하여 설치하는 시설 가운데 <P>시ㆍ도경찰청장</P>이 인정하는 시설',5,11,1,'20210101'),(368,'20201222','마.·바. (현행과 같음)',6,11,1,'20210101'),(369,'20201222','33. (현행과 같음)',7,11,1,'20210101'),(370,'20201222','제4조의2(무인 교통단속용 장비의 설치 및 관리) ① <P>시ㆍ도경찰청장</P>, 경찰서장 또는 시장등은 이 법을 위반한 사실을 기록ㆍ증명하기 위하여 무인(無人) 교통단속용 장비를 설치ㆍ관리할 수 있다.',8,11,1,'20210101'),(371,'20201222','② (현행과 같음)',9,11,1,'20210101'),(372,'20201222','제5조(신호 또는 지시에 따를 의무) ① 도로를 통행하는 보행자, 차마 또는 노면전차의 운전자는 교통안전시설이 표시하는 신호 또는 지시와 다음 각 호의 어느 하나에 해당하는 사람이 하는 신호 또는 지시를 따라야 한다.',10,11,1,'20210101'),(373,'20201222','1. 교통정리를 하는 <P>경찰공무원</P>(의무경찰을 포함한다. 이하 같다) 및 제주특별자치도의 자치경찰공무원(이하 “자치경찰공무원”이라 한다)',11,11,1,'20210101'),(374,'20201222','2. <P>경찰공무원(자치경찰공무원을 포함한다. 이하 같다)</P>을 보조하는 사람으로서 대통령령으로 정하는 사람(이하 “경찰보조자”라 한다)',12,11,1,'20210101'),(375,'20201222','② 도로를 통행하는 보행자, 차마 또는 노면전차의 운전자는 제1항에 따른 교통안전시설이 표시하는 신호 또는 지시와 교통정리를 하는 <P>경찰공무원</P> 또는 경찰보조자(이하 “경찰공무원등”이라 한다)의 신호 또는 지시가 서로 다른 경우에는 경찰공무원등의 신호 또는 지시에 따라야 한다.',13,11,1,'20210101'),(376,'20201222','제6조(통행의 금지 및 제한) ① <P>시ㆍ도경찰청장</P>은 도로에서의 위험을 방지하고 교통의 안전과 원활한 소통을 확보하기 위하여 필요하다고 인정할 때에는 구간(區間)을 정하여 보행자, 차마 또는 노면전차의 통행을 금지하거나 제한할 수 있다. 이 경우 <P>시ㆍ도경찰청장</P>은 보행자, 차마 또는 노면전차의 통행을 금지하거나 제한한 도로의 관리청에 그 사실을 알려야 한다.',14,11,1,'20210101'),(377,'20201222','② (현행과 같음)',15,11,1,'20210101'),(378,'20201222','③ <P>시ㆍ도경찰청장</P>이나 경찰서장은 제1항이나 제2항에 따른 금지 또는 제한을 하려는 경우에는 행정안전부령으로 정하는 바에 따라 그 사실을 공고하여야 한다.',16,11,1,'20210101'),(379,'20201222','④ (현행과 같음)',17,11,1,'20210101'),(380,'20201222','제10조(도로의 횡단) ① <P>시ㆍ도경찰청장</P>은 도로를 횡단하는 보행자의 안전을 위하여 행정안전부령으로 정하는 기준에 따라 횡단보도를 설치할 수 있다.',18,11,1,'20210101'),(381,'20201222','② ∼ ⑤ (현행과 같음)',19,11,1,'20210101'),(382,'20201222','제12조(어린이 보호구역의 지정 및 관리) ① ∼ ③ (현행과 같음)',20,11,1,'20210101'),(383,'20201222','④ <P>시ㆍ도경찰청장</P>, 경찰서장 또는 시장등은 제3항을 위반하는 행위 등의 단속을 위하여 어린이 보호구역의 도로 중에서 행정안전부령으로 정하는 곳에 우선적으로 제4조의2에 따른 무인 교통단속용 장비를 설치하여야 한다.',21,11,1,'20210101'),(384,'20201222','⑤ (현행과 같음)',22,11,1,'20210101'),(385,'20201222','제13조(차마의 통행) ① ∼ ③ (현행과 같음)',23,11,1,'20210101'),(386,'20201222','④ 차마의 운전자는 제3항에도 불구하고 다음 각 호의 어느 하나에 해당하는 경우에는 도로의 중앙이나 좌측 부분을 통행할 수 있다.',24,11,1,'20210101'),(387,'20201222','1. ∼ 4. (현행과 같음)',25,11,1,'20210101'),(388,'20201222','5. 가파른 비탈길의 구부러진 곳에서 교통의 위험을 방지하기 위하여 <P>시ㆍ도경찰청장</P>이 필요하다고 인정하여 구간 및 통행방법을 지정하고 있는 경우에 그 지정에 따라 통행하는 경우',26,11,1,'20210101'),(389,'20201222','⑤·⑥ (현행과 같음)',27,11,1,'20210101'),(390,'20201222','제14조(차로의 설치 등) ① <P>시ㆍ도경찰청장</P>은 차마의 교통을 원활하게 하기 위하여 필요한 경우에는 도로에 행정안전부령으로 정하는 차로를 설치할 수 있다. 이 경우 <P>시ㆍ도경찰청장</P>은 시간대에 따라 양방향의 통행량이 뚜렷하게 다른 도로에는 교통량이 많은 쪽으로 차로의 수가 확대될 수 있도록 신호기에 의하여 차로의 진행방향을 지시하는 가변차로를 설치할 수 있다.',28,11,1,'20210101'),(391,'20201222','② 차마의 운전자는 차로가 설치되어 있는 도로에서는 이 법이나 이 법에 따른 명령에 특별한 규정이 있는 경우를 제외하고는 그 차로를 따라 통행하여야 한다. 다만, <P>시ㆍ도경찰청장</P>이 통행방법을 따로 지정한 경우에는 그 방법으로 통행하여야 한다.',29,11,1,'20210101'),(392,'20201222','③ ∼ ⑤ (현행과 같음)',30,11,1,'20210101'),(393,'20201222','제15조(전용차로의 설치) ① 시장등은 원활한 교통을 확보하기 위하여 특히 필요한 경우에는 <P>시ㆍ도경찰청장</P>이나 경찰서장과 협의하여 도로에 전용차로(차의 종류나 승차 인원에 따라 지정된 차만 통행할 수 있는 차로를 말한다. 이하 같다)를 설치할 수 있다.',31,11,1,'20210101'),(394,'20201222','②·③ (현행과 같음)',32,11,1,'20210101'),(395,'20201222','제15조의2(자전거횡단도의 설치 등) ① <P>시ㆍ도경찰청장</P>은 도로를 횡단하는 자전거 운전자의 안전을 위하여 행정안전부령으로 정하는 기준에 따라 자전거횡단도를 설치할 수 있다.',33,11,1,'20210101'),(396,'20201222','②·③ (현행과 같음)',34,11,1,'20210101'),(397,'20201222','제16조(노면전차 전용로의 설치 등) ① 시장등은 교통을 원활하게 하기 위하여 노면전차 전용도로 또는 전용차로를 설치하려는 경우에는 「도시철도법」 제7조제1항에 따른 도시철도사업계획의 승인 전에 다음 각 호의 사항에 대하여 <P>시ㆍ도경찰청장</P>과 협의하여야 한다. 사업 계획을 변경하려는 경우에도 또한 같다.',35,11,1,'20210101'),(398,'20201222','1. ∼ 3. (현행과 같음)',36,11,1,'20210101'),(399,'20201222','② (현행과 같음)',37,11,1,'20210101'),(400,'20201222','제17조(자동차등과 노면전차의 속도) ① (현행과 같음)',38,11,1,'20210101'),(401,'20201222','② 경찰청장이나 <P>시ㆍ도경찰청장</P>은 도로에서 일어나는 위험을 방지하고 교통의 안전과 원활한 소통을 확보하기 위하여 필요하다고 인정하는 경우에는 다음 각 호의 구분에 따라 구역이나 구간을 지정하여 제1항에 따라 정한 속도를 제한할 수 있다.',39,11,1,'20210101'),(402,'20201222','1. (현행과 같음)',40,11,1,'20210101'),(403,'20201222','2. <P>시ㆍ도경찰청장:</P> 고속도로를 제외한 도로',41,11,1,'20210101'),(404,'20201222','③ (현행과 같음)',42,11,1,'20210101'),(405,'20201222','제18조(횡단 등의 금지) ① (현행과 같음)',43,11,1,'20210101'),(406,'20201222','② <P>시ㆍ도경찰청장</P>은 도로에서의 위험을 방지하고 교통의 안전과 원활한 소통을 확보하기 위하여 특히 필요하다고 인정하는 경우에는 도로의 구간을 지정하여 차마의 횡단이나 유턴 또는 후진을 금지할 수 있다.',44,11,1,'20210101'),(407,'20201222','③ (현행과 같음)',45,11,1,'20210101'),(408,'20201222','제22조(앞지르기 금지의 시기 및 장소) ①·② (현행과 같음)',46,11,1,'20210101'),(409,'20201222','③ 모든 차의 운전자는 다음 각 호의 어느 하나에 해당하는 곳에서는 다른 차를 앞지르지 못한다.',47,11,1,'20210101'),(410,'20201222','1. ∼ 3. (현행과 같음)',48,11,1,'20210101'),(411,'20201222','4. 도로의 구부러진 곳, 비탈길의 고갯마루 부근 또는 가파른 비탈길의 내리막 등 <P>시ㆍ도경찰청장</P>이 도로에서의 위험을 방지하고 교통의 안전과 원활한 소통을 확보하기 위하여 필요하다고 인정하는 곳으로서 안전표지로 지정한 곳',49,11,1,'20210101'),(412,'20201222','제25조(교차로 통행방법) ① (현행과 같음)',50,11,1,'20210101'),(413,'20201222','② 모든 차의 운전자는 교차로에서 좌회전을 하려는 경우에는 미리 도로의 중앙선을 따라 서행하면서 교차로의 중심 안쪽을 이용하여 좌회전하여야 한다. 다만, <P>시ㆍ도경찰청장</P>이 교차로의 상황에 따라 특히 필요하다고 인정하여 지정한 곳에서는 교차로의 중심 바깥쪽을 통과할 수 있다.',51,11,1,'20210101'),(414,'20201222','③ ∼ ⑥ (현행과 같음)',52,11,1,'20210101'),(415,'20201222','제28조(보행자전용도로의 설치) ① <P>시ㆍ도경찰청장</P>이나 경찰서장은 보행자의 통행을 보호하기 위하여 특히 필요한 경우에는 도로에 보행자전용도로를 설치할 수 있다.',53,11,1,'20210101'),(416,'20201222','② 차마 또는 노면전차의 운전자는 제1항에 따른 보행자전용도로를 통행하여서는 아니 된다. 다만, <P>시ㆍ도경찰청장</P>이나 경찰서장은 특히 필요하다고 인정하는 경우에는 보행자전용도로에 차마의 통행을 허용할 수 있다.',54,11,1,'20210101'),(417,'20201222','③ (현행과 같음)',55,11,1,'20210101'),(418,'20201222','제31조(서행 또는 일시정지할 장소) ① 모든 차 또는 노면전차의 운전자는 다음 각 호의 어느 하나에 해당하는 곳에서는 서행하여야 한다.',56,11,1,'20210101'),(419,'20201222','1. ∼ 4. (현행과 같음)',57,11,1,'20210101'),(420,'20201222','5. <P>시ㆍ도경찰청장</P>이 도로에서의 위험을 방지하고 교통의 안전과 원활한 소통을 확보하기 위하여 필요하다고 인정하여 안전표지로 지정한 곳',58,11,1,'20210101'),(421,'20201222','② 모든 차 또는 노면전차의 운전자는 다음 각 호의 어느 하나에 해당하는 곳에서는 일시정지하여야 한다.',59,11,1,'20210101'),(422,'20201222','1. (현행과 같음)',60,11,1,'20210101'),(423,'20201222','2. <P>시ㆍ도경찰청장</P>이 도로에서의 위험을 방지하고 교통의 안전과 원활한 소통을 확보하기 위하여 필요하다고 인정하여 안전표지로 지정한 곳',61,11,1,'20210101'),(424,'20201222','제32조(정차 및 주차의 금지) 모든 차의 운전자는 다음 각 호의 어느 하나에 해당하는 곳에서는 차를 정차하거나 주차하여서는 아니 된다. 다만, 이 법이나 이 법에 따른 명령 또는 경찰공무원의 지시를 따르는 경우와 위험방지를 위하여 일시정지하는 경우에는 그러하지 아니하다.',62,11,1,'20210101'),(425,'20201222','1. ∼ 6. (현행과 같음)',63,11,1,'20210101'),(426,'20201222','7. <P>시ㆍ도경찰청장</P>이 도로에서의 위험을 방지하고 교통의 안전과 원활한 소통을 확보하기 위하여 필요하다고 인정하여 지정한 곳',64,11,1,'20210101'),(427,'20201222','8. (현행과 같음)',65,11,1,'20210101'),(428,'20201222','제33조(주차금지의 장소) 모든 차의 운전자는 다음 각 호의 어느 하나에 해당하는 곳에 차를 주차해서는 아니 된다.',66,11,1,'20210101'),(429,'20201222','1. (현행과 같음)',67,11,1,'20210101'),(430,'20201222','2. 다음 각 목의 곳으로부터 5미터 이내인 곳',68,11,1,'20210101'),(431,'20201222','가. (현행과 같음)',69,11,1,'20210101'),(432,'20201222','<P>나. 「다중이용업소의 안전관리에 관한 특별법」에 따른 다중이용업소의 영업장이 속한 건축물로 소방본부장의 요청에 의하여 시ㆍ도경찰청장이 지정한 곳</P>',70,11,1,'20210101'),(433,'20201222','3. <P>시ㆍ도경찰청장</P>이 도로에서의 위험을 방지하고 교통의 안전과 원활한 소통을 확보하기 위하여 필요하다고 인정하여 지정한 곳',71,11,1,'20210101'),(434,'20201222','제34조의2(정차 또는 주차를 금지하는 장소의 특례) 제32조제7호ㆍ제8호 또는 제33조제3호에 따른 정차나 주차가 금지된 장소 중 <P>시ㆍ도경찰청장</P>이 안전표지로 구역ㆍ시간ㆍ방법 및 차의 종류를 정하여 정차나 주차를 허용한 곳에서는 제32조제7호ㆍ제8호 또는 제33조제3호에도 불구하고 정차하거나 주차할 수 있다.',72,11,1,'20210101'),(435,'20201222','제39조(승차 또는 적재의 방법과 제한) ① ∼ ⑤ (현행과 같음)',73,11,1,'20210101'),(436,'20201222','⑥ <P>시ㆍ도경찰청장</P>은 도로에서의 위험을 방지하고 교통의 안전과 원활한 소통을 확보하기 위하여 필요하다고 인정하는 경우에는 차의 운전자에 대하여 승차 인원, 적재중량 또는 적재용량을 제한할 수 있다.',74,11,1,'20210101'),(437,'20201222','제41조(정비불량차의 점검) ①·② (현행과 같음)',75,11,1,'20210101'),(438,'20201222','③ <P>시ㆍ도경찰청장</P>은 제2항에도 불구하고 정비 상태가 매우 불량하여 위험발생의 우려가 있는 경우에는 그 차의 자동차등록증을 보관하고 운전의 일시정지를 명할 수 있다. 이 경우 필요하면 10일의 범위에서 정비기간을 정하여 그 차의 사용을 정지시킬 수 있다.',76,11,1,'20210101'),(439,'20201222','④ (현행과 같음)',77,11,1,'20210101'),(440,'20201222','제43조(무면허운전 등의 금지) 누구든지 제80조에 따라 <P>시ㆍ도경찰청장</P>으로부터 운전면허를 받지 아니하거나 운전면허의 효력이 정지된 경우에는 자동차등(개인형 이동장치는 제외한다)을 운전하여서는 아니 된다.',78,11,1,'20210101'),(441,'20201222','제49조(모든 운전자의 준수사항 등) ① 모든 차 또는 노면전차의 운전자는 다음 각 호의 사항을 지켜야 한다.',79,11,1,'20210101'),(442,'20201222','1. ∼ 12. (현행과 같음)',80,11,1,'20210101'),(443,'20201222','13. 그 밖에 <P>시ㆍ도경찰청장</P>이 교통안전과 교통질서 유지에 필요하다고 인정하여 지정ㆍ공고한 사항에 따를 것',81,11,1,'20210101'),(444,'20201222','② (현행과 같음)',82,11,1,'20210101'),(445,'20201222','제68조(도로에서의 금지행위 등) ①·② (현행과 같음)',83,11,1,'20210101'),(446,'20201222','③ 누구든지 다음 각 호의 어느 하나에 해당하는 행위를 하여서는 아니 된다.',84,11,1,'20210101'),(447,'20201222','1. ∼ 6. (현행과 같음)',85,11,1,'20210101'),(448,'20201222','7. 그 밖에 <P>시ㆍ도경찰청장</P>이 교통상의 위험을 방지하기 위하여 필요하다고 인정하여 지정ㆍ공고한 행위',86,11,1,'20210101'),(449,'20201222','제73조(교통안전교육) ①·② (현행과 같음)',87,11,1,'20210101'),(450,'20201222','③ 다음 각 호의 어느 하나에 해당하는 사람이 <P>시ㆍ도경찰청장</P>에게 신청하는 경우에는 대통령령으로 정하는 바에 따라 특별교통안전 권장교육을 받을 수 있다. 이 경우 권장교육을 받기 전 1년 이내에 해당 교육을 받지 아니한 사람에 한정한다.',88,11,1,'20210101'),(451,'20201222','1. ∼ 4. (현행과 같음)',89,11,1,'20210101'),(452,'20201222','④·⑤ (현행과 같음)',90,11,1,'20210101'),(453,'20201222','제74조(교통안전교육기관의 지정 등) ① 제73조제1항에 따라 운전면허를 받으려는 사람이 받아야 하는 교통안전교육(이하 “교통안전교육”이라 한다)은 제104조제1항에 따른 자동차운전 전문학원과 제2항에 따라 <P>시ㆍ도경찰청장</P>이 지정한 기관이나 시설에서 한다.',91,11,1,'20210101'),(454,'20201222','② <P>시ㆍ도경찰청장</P>은 교통안전교육을 하기 위하여 다음 각 호의 어느 하나에 해당하는 기관이나 시설이 대통령령으로 정하는 시설ㆍ설비 및 강사 등의 요건을 갖추어 신청하는 경우에는 해당 기관이나 시설을 교통안전교육을 하는 기관(이하 “교통안전교육기관”이라 한다)으로 지정할 수 있다.',92,11,1,'20210101'),(455,'20201222','1. ∼ 4. (현행과 같음)',93,11,1,'20210101'),(456,'20201222','③ <P>시ㆍ도경찰청장</P>은 제2항에 따라 교통안전교육기관을 지정한 경우에는 행정안전부령으로 정하는 지정증을 발급하여야 한다.',94,11,1,'20210101'),(457,'20201222','④ <P>시ㆍ도경찰청장</P>은 다음 각 호의 어느 하나에 해당하는 기관이나 시설을 교통안전교육기관으로 지정하여서는 아니 된다.',95,11,1,'20210101'),(458,'20201222','1.·2. (현행과 같음)',96,11,1,'20210101'),(459,'20201222','제76조(교통안전교육강사의 자격기준 등) ① ∼ ④ (현행과 같음)',97,11,1,'20210101'),(460,'20201222','⑤ <P>시ㆍ도경찰청장</P>은 도로교통 관련 법령이 개정되거나 효과적인 교통안전교육을 위하여 필요하다고 인정하면 교통안전교육강사를 대상으로 대통령령으로 정하는 바에 따라 연수교육을 할 수 있다.',98,11,1,'20210101'),(461,'20201222','⑥ (현행과 같음)',99,11,1,'20210101'),(462,'20201222','제77조(교통안전교육의 수강 확인 등) ① (현행과 같음)',100,11,1,'20210101'),(463,'20201222','② 교통안전교육기관의 장은 제1항에 따른 보고를 받은 경우 대통령령으로 정하는 기준에 해당하는 교육을 받은 사람에게 교육확인증을 발급하고 지체 없이 관할 <P>시ㆍ도경찰청장</P>에게 그 사실을 보고하여야 한다.',101,11,1,'20210101'),(464,'20201222','제78조(교통안전교육기관 운영의 정지 또는 폐지의 신고) 교통안전교육기관의 장은 해당 교통안전교육기관의 운영을 1개월 이상 정지하거나 폐지하려면 정지 또는 폐지하려는 날의 7일 전까지 행정안전부령으로 정하는 바에 따라 <P>시ㆍ도경찰청장</P>에게 신고하여야 한다.',102,11,1,'20210101'),(465,'20201222','제79조(교통안전교육기관의 지정취소 등) ① <P>시ㆍ도경찰청장</P>은 교통안전교육기관이 다음 각 호의 어느 하나에 해당할 때에는 행정안전부령으로 정하는 기준에 따라 지정을 취소하거나 1년 이내의 기간을 정하여 운영의 정지를 명할 수 있다. 다만, 제3호에 해당할 때에는 그 지정을 취소하여야 한다.',103,11,1,'20210101'),(466,'20201222','1. ∼ 5. (현행과 같음)',104,11,1,'20210101'),(467,'20201222','② <P>시ㆍ도경찰청장</P>은 교통안전교육기관이 제1항에 따른 운영정지 명령을 위반하여 계속 운영행위를 할 때에는 행정안전부령으로 정하는 기준에 따라 지정을 취소할 수 있다.',105,11,1,'20210101'),(468,'20201222','제80조(운전면허) ① 자동차등을 운전하려는 사람은 <P>시ㆍ도경찰청장</P>으로부터 운전면허를 받아야 한다. 다만, 제2조제19호나목의 원동기를 단 차 중 개인형 이동장치 또는 「교통약자의 이동편의 증진법」 제2조제1호에 따른 교통약자가 최고속도 시속 20킬로미터 이하로만 운행될 수 있는 차를 운전하는 경우에는 그러하지 아니하다.',106,11,1,'20210101'),(469,'20201222','② <P>시ㆍ도경찰청장</P>은 운전을 할 수 있는 차의 종류를 기준으로 다음 각 호와 같이 운전면허의 범위를 구분하고 관리하여야 한다. 이 경우 운전면허의 범위에 따라 운전할 수 있는 차의 종류는 행정안전부령으로 정한다.',107,11,1,'20210101'),(470,'20201222','1. ∼ 3. (현행과 같음)',108,11,1,'20210101'),(471,'20201222','③ <P>시ㆍ도경찰청장</P>은 운전면허를 받을 사람의 신체 상태 또는 운전 능력에 따라 행정안전부령으로 정하는 바에 따라 운전할 수 있는 자동차등(개인형 이동장치는 제외한다)의 구조를 한정하는 등 운전면허에 필요한 조건을 붙일 수 있다.',109,11,1,'20210101'),(472,'20201222','④ <P>시ㆍ도경찰청장</P>은 제87조 및 제88조에 따라 적성검사를 받은 사람의 신체 상태 또는 운전 능력에 따라 제3항에 따른 조건을 새로 붙이거나 바꿀 수 있다.',110,11,1,'20210101'),(473,'20201222','제83조(운전면허시험 등) ① 운전면허시험(제1종 보통면허시험 및 제2종 보통면허시험은 제외한다)은 제120조에 따른 도로교통공단이 다음 각 호의 사항에 대하여 제80조제2항에 따른 운전면허의 구분에 따라 실시한다. 다만, 대통령령으로 정하는 운전면허시험은 대통령령으로 정하는 바에 따라 <P>시ㆍ도경찰청장</P>이나 도로교통공단이 실시한다.',111,11,1,'20210101'),(474,'20201222','1. ∼ 5. (현행과 같음)',112,11,1,'20210101'),(475,'20201222','② ∼ ⑤ (현행과 같음)',113,11,1,'20210101'),(476,'20201222','제84조의2(부정행위자에 대한 조치) ① 경찰청장은 제106조에 따른 전문학원의 강사자격시험 및 제107조에 따른 기능검정원 자격시험에서, <P>시ㆍ도경찰청장</P> 또는 도로교통공단은 제83조에 따른 운전면허시험에서 부정행위를 한 사람에 대하여는 해당 시험을 각각 무효로 처리한다.',114,11,1,'20210101'),(477,'20201222','② (현행과 같음)',115,11,1,'20210101'),(478,'20201222','제85조(운전면허증의 발급 등) ① (현행과 같음)',116,11,1,'20210101'),(479,'20201222','② <P>시ㆍ도경찰청장</P>은 운전면허시험에 합격한 사람에 대하여 행정안전부령으로 정하는 운전면허증을 발급하여야 한다.',117,11,1,'20210101'),(480,'20201222','③ <P>시ㆍ도경찰청장</P>은 운전면허를 받은 사람이 다른 범위의 운전면허를 추가로 취득하는 경우에는 운전면허의 범위를 확대(기존에 받은 운전면허의 범위를 추가하는 것을 말한다)하여 운전면허증을 발급하여야 한다.',118,11,1,'20210101'),(481,'20201222','④ <P>시ㆍ도경찰청장</P>은 운전면허를 받은 사람이 운전면허의 범위를 축소(기존에 받은 운전면허의 범위에서 일부 범위를 삭제하는 것을 말한다)하기를 원하는 경우에는 운전면허의 범위를 축소하여 운전면허증을 발급할 수 있다.',119,11,1,'20210101'),(482,'20201222','⑤ (현행과 같음)',120,11,1,'20210101'),(483,'20201222','제86조(운전면허증의 재발급) 운전면허증을 잃어버렸거나 헐어 못 쓰게 되었을 때에는 행정안전부령으로 정하는 바에 따라 <P>시ㆍ도경찰청장</P>에게 신청하여 다시 발급받을 수 있다.',121,11,1,'20210101'),(484,'20201222','제87조(운전면허증의 갱신과 정기 적성검사) ① 운전면허를 받은 사람은 다음 각 호의 구분에 따른 기간 이내에 대통령령으로 정하는 바에 따라 <P>시ㆍ도경찰청장</P>으로부터 운전면허증을 갱신하여 발급받아야 한다.',122,11,1,'20210101'),(485,'20201222','1.·2. (현행과 같음)',123,11,1,'20210101'),(486,'20201222','② ∼ ④ (현행과 같음)',124,11,1,'20210101'),(487,'20201222','제87조의2(운전면허증 발급 대상자 본인 확인) ① <P>시ㆍ도경찰청장</P>은 제85조제2항부터 제4항까지, 제86조 또는 제87조제1항에 따라 운전면허증을 발급(이하 이 조 및 제137조의2제2항에서 “운전면허증 발급”이라 한다)하려는 경우에는 운전면허증 발급을 받으려는 사람의 주민등록증이나 여권, 그 밖에 행정안전부령으로 정하는 신분증명서의 사진 등을 통하여 본인인지를 확인할 수 있다.',125,11,1,'20210101'),(488,'20201222','② <P>시ㆍ도경찰청장</P>은 제1항에 따른 방법으로 본인인지를 확인하기 어려운 경우에는 운전면허증 발급을 받으려는 사람의 동의를 받아 전자적 방법으로 지문정보를 대조하여 확인할 수 있다.',126,11,1,'20210101'),(489,'20201222','③ <P>시ㆍ도경찰청장</P>은 운전면허증 발급을 받으려는 사람이 제2항에 따른 본인 확인 절차를 따르지 아니하는 경우에는 운전면허증 발급을 거부할 수 있다.',127,11,1,'20210101'),(490,'20201222','제91조(임시운전증명서) ① <P>시ㆍ도경찰청장</P>은 다음 각 호의 어느 하나의 경우에 해당하는 사람이 임시운전증명서 발급을 신청하면 행정안전부령으로 정하는 바에 따라 임시운전증명서를 발급할 수 있다. 다만, 제2호의 경우에는 소지하고 있는 운전면허증에 행정안전부령으로 정하는 사항을 기재하여 발급함으로써 임시운전증명서 발급을 갈음할 수 있다.',128,11,1,'20210101'),(491,'20201222','1. ∼ 3. (현행과 같음)',129,11,1,'20210101'),(492,'20201222','② (현행과 같음)',130,11,1,'20210101'),(493,'20201222','1. ∼ 19. (현행과 같음)',132,11,1,'20210101'),(494,'20201222','20. 운전면허를 받은 사람이 자신의 운전면허를 실효(失效)시킬 목적으로 <P>시ㆍ도경찰청장</P>에게 자진하여 운전면허를 반납하는 경우. 다만, 실효시키려는 운전면허가 취소처분 또는 정지처분의 대상이거나 효력정지 기간 중인 경우는 제외한다.',133,11,1,'20210101'),(495,'20201222','② <P>시ㆍ도경찰청장</P>은 제1항에 따라 운전면허를 취소하거나 운전면허의 효력을 정지하려고 할 때 그 기준으로 활용하기 위하여 교통법규를 위반하거나 교통사고를 일으킨 사람에 대하여는 행정안전부령으로 정하는 바에 따라 위반 및 피해의 정도 등에 따라 벌점을 부과할 수 있으며, 그 벌점이 행정안전부령으로 정하는 기간 동안 일정한 점수를 초과하는 경우에는 행정안전부령으로 정하는 바에 따라 운전면허를 취소 또는 정지할 수 있다.',134,11,1,'20210101'),(496,'20201222','③ <P>시ㆍ도경찰청장</P>은 연습운전면허를 발급받은 사람이 운전 중 고의 또는 과실로 교통사고를 일으키거나 이 법이나 이 법에 따른 명령 또는 처분을 위반한 경우에는 연습운전면허를 취소하여야 한다. 다만, 본인에게 귀책사유(歸責事由)가 없는 경우 등 대통령령으로 정하는 경우에는 그러하지 아니하다.',135,11,1,'20210101'),(497,'20201222','제94조(운전면허 처분에 대한 이의신청) ① 제93조제1항 또는 제2항에 따른 운전면허의 취소처분 또는 정지처분이나 같은 조 제3항에 따른 연습운전면허 취소처분에 대하여 이의(異議)가 있는 사람은 그 처분을 받은 날부터 60일 이내에 행정안전부령으로 정하는 바에 따라 <P>시ㆍ도경찰청장</P>에게 이의를 신청할 수 있다.',137,11,1,'20210101'),(498,'20201222','② <P>시ㆍ도경찰청장</P>은 제1항에 따른 이의를 심의하기 위하여 행정안전부령으로 정하는 바에 따라 운전면허행정처분 이의심의위원회(이하 “이의심의위원회”라 한다)를 두어야 한다.',138,11,1,'20210101'),(499,'20201222','③·④ (현행과 같음)',139,11,1,'20210101'),(500,'20201222','제95조(운전면허증의 반납) ① 운전면허증을 받은 사람이 다음 각 호의 어느 하나에 해당하면 그 사유가 발생한 날부터 7일 이내(제4호 및 제5호의 경우 새로운 운전면허증을 받기 위하여 운전면허증을 제출한 때)에 주소지를 관할하는 <P>시ㆍ도경찰청장</P>에게 운전면허증을 반납하여야 한다.',140,11,1,'20210101'),(501,'20201222','1. ∼ 5. (현행과 같음)',141,11,1,'20210101'),(502,'20201222','② (현행과 같음)',142,11,1,'20210101'),(503,'20201222','③ <P>시ㆍ도경찰청장</P>이 제1항제2호에 따라 운전면허증을 반납받았거나 제2항에 따라 제1항제2호에 해당하는 사람으로부터 운전면허증을 회수하였을 때에는 이를 보관하였다가 정지기간이 끝난 즉시 돌려주어야 한다.',143,11,1,'20210101'),(504,'20201222','제97조(자동차등의 운전 금지) ① 제96조에 따라 국제운전면허증을 가지고 국내에서 자동차등(개인형 이동장치는 제외한다. 이하 이 조에서 같다)을 운전하는 사람이 다음 각 호의 어느 하나에 해당하는 경우에는 그 사람의 주소지를 관할하는 <P>시ㆍ도경찰청장</P>은 행정안전부령으로 정한 기준에 따라 1년을 넘지 아니하는 범위에서 국제운전면허증에 의한 자동차등의 운전을 금지할 수 있다.',144,11,1,'20210101'),(505,'20201222','1. ∼ 4. (현행과 같음)',145,11,1,'20210101'),(506,'20201222','② 제1항에 따라 자동차등의 운전이 금지된 사람은 지체 없이 국제운전면허증에 의한 운전을 금지한 <P>시ㆍ도경찰청장</P>에게 그 국제운전면허증을 제출하여야 한다.',146,11,1,'20210101'),(507,'20201222','③ <P>시ㆍ도경찰청장</P>은 제1항에 따른 금지기간이 끝난 경우 또는 금지처분을 받은 사람이 그 금지기간 중에 출국하는 경우에는 그 사람의 반환청구가 있으면 지체 없이 보관 중인 국제운전면허증을 돌려주어야 한다.',147,11,1,'20210101'),(508,'20201222','제98조(국제운전면허증의 발급 등) ① 제80조에 따라 운전면허를 받은 사람이 국외에서 운전을 하기 위하여 제96조제1항제1호의 <P>「도로교통에 관한 협약」에 따른 국제운전면허증을 발급받으려면 시ㆍ도경찰청장에게 신청하여야 한다</P>.',148,11,1,'20210101'),(509,'20201222','② ∼ ⑤ (현행과 같음)',149,11,1,'20210101'),(510,'20201222','제98조의2(국제운전면허증 발급의 제한) <P>시ㆍ도경찰청장</P>은 제98조에 따라 국제운전면허증을 발급받으려는 사람이 납부하지 아니한 범칙금 또는 과태료(이 법을 위반하여 부과된 범칙금 또는 과태료를 말한다. 이하 이 조에서 같다)가 있는 경우 국제운전면허증의 발급을 거부할 수 있다. 다만, 제164조제1항ㆍ제2항에 따른 범칙금 납부기간 또는 제160조에 따른 과태료로서 대통령령으로 정하는 납부기간 중에 있는 경우에는 그러하지 아니하다.',150,11,1,'20210101'),(511,'20201222','제99조(자동차운전학원의 등록) 자동차운전학원(이하 “학원”이라 한다)을 설립ㆍ운영하려는 자는 제101조에 따른 시설 및 설비 등과 제103조에 따른 강사의 정원(定員) 및 배치기준 등 필요한 조건을 갖추어 대통령령으로 정하는 바에 따라 <P>시ㆍ도경찰청장</P>에게 등록하여야 한다. 대통령령으로 정하는 등록사항을 변경하려는 경우에도 또한 같다.',151,11,1,'20210101'),(512,'20201222','제100조(학원의 조건부 등록) ① <P>시ㆍ도경찰청장</P>은 제99조에 따라 학원 등록을 할 경우 대통령령으로 정하는 기간에 제101조에 따른 시설 및 설비 등을 갖출 것을 조건으로 하여 학원의 등록을 받을 수 있다.',152,11,1,'20210101'),(513,'20201222','② <P>시ㆍ도경찰청장</P>은 제1항에 따라 등록을 한 자가 정당한 사유 없이 같은 항에 따른 기간에 시설 및 설비 등을 갖추지 아니하면 그 등록을 취소하여야 한다.',153,11,1,'20210101'),(514,'20201222','제104조(자동차운전 전문학원의 지정 등) ① <P>시ㆍ도경찰청장</P>은 자동차운전에 관한 교육 수준을 높이고 운전자의 자질을 향상시키기 위하여 제99조에 따라 등록된 학원으로서 다음 각 호의 기준에 적합한 학원을 대통령령으로 정하는 바에 따라 자동차운전 전문학원(이하 “전문학원”이라 한다)으로 지정할 수 있다.',154,11,1,'20210101'),(515,'20201222','1. ∼ 4. (현행과 같음)',155,11,1,'20210101'),(516,'20201222','② <P>시ㆍ도경찰청장</P>은 다음 각 호의 어느 하나에 해당하는 학원은 전문학원으로 지정할 수 없다.',156,11,1,'20210101'),(517,'20201222','1.·2. (현행과 같음)',157,11,1,'20210101'),(518,'20201222','③ 제1항에 따라 지정받은 전문학원이 대통령령으로 정하는 중요사항을 변경하려면 소재지를 관할하는 <P>시ㆍ도경찰청장</P>의 승인을 받아야 한다.',158,11,1,'20210101'),(519,'20201222','제106조(전문학원의 강사) ① ∼ ③ (현행과 같음)',159,11,1,'20210101'),(520,'20201222','1. ∼ 9. (현행과 같음)',161,11,1,'20210101'),(521,'20201222','⑤ (현행과 같음)',162,11,1,'20210101'),(522,'20201222','제107조(기능검정원) ① ∼ ③ (현행과 같음)',163,11,1,'20210101'),(523,'20201222','④ <P>시ㆍ도경찰청장</P>은 기능검정원이 다음 각 호의 어느 하나에 해당하면 행정안전부령으로 정하는 기준에 따라 그 기능검정원의 자격을 취소하거나 1년 이내의 범위에서 기간을 정하여 그 자격의 효력을 정지시킬 수 있다. 다만, 제1호부터 제6호까지의 어느 하나에 해당하는 경우에는 그 자격을 취소하여야 한다.',164,11,1,'20210101'),(524,'20201222','1. ∼ 9. (현행과 같음)',165,11,1,'20210101'),(525,'20201222','제108조(기능검정) ① <P>시ㆍ도경찰청장</P>은 전문학원의 학감으로 하여금 대통령령으로 정하는 바에 따라 해당 전문학원의 교육생을 대상으로 제83조제1항제4호 및 같은 조 제2항에 따른 운전기능 또는 도로에서 운전하는 능력이 있는지에 관한 검정(이하 “기능검정”이라 한다)을 하게 할 수 있다.',166,11,1,'20210101'),(526,'20201222','② ∼ ⑤ (현행과 같음)',167,11,1,'20210101'),(527,'20201222','제109조(강사 등에 대한 연수교육 등) ① <P>시ㆍ도경찰청장</P>은 다음 각 호의 사람을 대상으로 그 자질을 향상시키기 위하여 필요한 경우에는 대통령령으로 정하는 바에 따라 연수교육을 할 수 있다. 이 경우 연수교육의 통보를 받은 학원등 설립ㆍ운영자는 특별한 사유가 없으면 그 교육을 받아야 하며, 또한 제2호 및 제3호의 사람이 연수교육을 받을 수 있도록 조치하여야 한다.',168,11,1,'20210101'),(528,'20201222','1. ∼ 3. (현행과 같음)',169,11,1,'20210101'),(529,'20201222','② (현행과 같음)',170,11,1,'20210101'),(530,'20201222','제110조(수강료 등) ① ∼ ③ (현행과 같음)',171,11,1,'20210101'),(531,'20201222','④ <P>시ㆍ도경찰청장</P>은 수강료등의 과도한 인하 등으로 인하여 학원교육의 부실화가 우려된다고 인정하는 경우에는 대통령령으로 정하는 바에 따라 이를 조정할 것을 명할 수 있다.',172,11,1,'20210101'),(532,'20201222','제112조(휴원ㆍ폐원의 신고) 학원등 설립ㆍ운영자가 해당 학원을 폐원(閉院)하거나 1개월 이상 휴원(休院)하는 경우에는 행정안전부령으로 정하는 바에 따라 휴원 또는 폐원한 날부터 7일 이내에 <P>시ㆍ도경찰청장</P>에게 그 사실을 신고하여야 한다.',173,11,1,'20210101'),(533,'20201222','제113조(학원등에 대한 행정처분) ① <P>시ㆍ도경찰청장</P>은 학원등이 다음 각 호의 어느 하나에 해당하면 행정안전부령으로 정하는 기준에 따라 등록을 취소하거나 1년 이내의 기간을 정하여 운영의 정지를 명할 수 있다. 다만, 제1호에 해당하는 경우에는 등록을 취소하여야 한다.',174,11,1,'20210101'),(534,'20201222','1. ∼ 12. (현행과 같음)',175,11,1,'20210101'),(535,'20201222','② <P>시ㆍ도경찰청장</P>은 전문학원이 다음 각 호의 어느 하나에 해당하면 행정안전부령으로 정하는 기준에 따라 학원의 등록을 취소하거나 1년 이내의 기간을 정하여 운영의 정지를 명할 수 있다.',176,11,1,'20210101'),(536,'20201222','1. ∼ 9. (현행과 같음)',177,11,1,'20210101'),(537,'20201222','③ <P>시ㆍ도경찰청장</P>은 전문학원이 다음 각 호의 어느 하나에 해당하는 경우에는 행정안전부령으로 정하는 기준에 따라 지정을 취소할 수 있다.',178,11,1,'20210101'),(538,'20201222','1.·2. (현행과 같음)',179,11,1,'20210101'),(539,'20201222','④ <P>시ㆍ도경찰청장</P>은 학원등이 제1항이나 제2항에 따른 운영정지 명령을 위반하여 계속 운영 행위를 하는 경우에는 행정안전부령으로 정하는 기준에 따라 등록을 취소하거나 1년 이내의 기간을 정하여 추가로 운영의 정지를 명할 수 있다.',180,11,1,'20210101'),(540,'20201222','제114조(청문) <P>시ㆍ도경찰청장</P>은 제113조에 따라 학원등의 등록 또는 지정을 취소하려면 청문을 하여야 한다.',181,11,1,'20210101'),(541,'20201222','제115조(학원등에 대한 조치) ① <P>시ㆍ도경찰청장</P>은 제99조에 따른 등록을 하지 아니하거나 제104조제1항에 따른 지정을 받지 아니하고 학원등을 설립ㆍ운영하는 경우 또는 제113조에 따라 등록이 취소되거나 운영 정지처분을 받은 학원등이 계속하여 자동차운전교육을 하는 경우에는 해당 학원등을 폐쇄하거나 운영을 중지시키기 위하여 다음 각 호의 조치를 할 수 있다.',182,11,1,'20210101'),(542,'20201222','1.·2. (현행과 같음)',183,11,1,'20210101'),(543,'20201222','②·③ (현행과 같음)',184,11,1,'20210101'),(544,'20201222','제137조(운전자에 관한 정보의 관리 및 제공 등) ① (현행과 같음)',185,11,1,'20210101'),(545,'20201222','② <P>시ㆍ도경찰청장</P> 및 경찰서장은 운전자의 운전면허ㆍ교통사고 및 교통법규 위반에 관한 정보를, 공단은 운전면허에 관한 정보를 각각 제1항에 따른 전산시스템에 등록ㆍ관리하여야 한다.',186,11,1,'20210101'),(546,'20201222','③ 운전자 본인 또는 그 대리인은 행정안전부령으로 정하는 바에 따라 <P>시ㆍ도경찰청장</P>, 경찰서장 또는 공단에 제1항에 따른 정보를 확인하는 증명을 신청할 수 있다.',187,11,1,'20210101'),(547,'20201222','④ <P>시ㆍ도경찰청장</P>, 경찰서장 또는 공단은 제3항에 따른 신청을 받으면 행정안전부령으로 정하는 바에 따라 운전자에 관한 정보를 확인하는 서류로써 증명하여 주어야 한다.',188,11,1,'20210101'),(548,'20201222','⑤ (현행과 같음)',189,11,1,'20210101'),(549,'20201222','제137조의2(자료의 요청 등) ① <P>시ㆍ도경찰청장</P>은 운전면허를 소지한 등록외국인이나 외국국적동포의 체류지 또는 거소를 확인하기 위하여 필요한 경우에는 경찰청장을 거쳐 법무부장관에게 해당 체류지 또는 거소 정보의 제공을 요청할 수 있다.',190,11,1,'20210101'),(550,'20201222','② <P>시ㆍ도경찰청장</P>은 운전면허증 발급을 받으려는 등록외국인이나 외국국적동포가 본인인지를 확인하기 위하여 필요한 경우에는 경찰청장을 거쳐 법무부장관에게 해당 등록외국인이나 외국국적동포의 지문정보의 제공을 요청할 수 있다.',191,11,1,'20210101'),(551,'20201222','③ (현행과 같음)',192,11,1,'20210101'),(552,'20201222','제139조(수수료) ① 다음 각 호의 어느 하나에 해당하는 사람은 행정안전부령으로 정하는 바에 따라 수수료를 내야 한다. 다만, 경찰청장 또는 <P>시ㆍ도경찰청장</P>이 제147조에 따라 업무를 대행하게 한 경우에는 그 업무를 대행하는 공단이 경찰청장의 승인을 받아 결정ㆍ공고하는 수수료를 공단에 내야 한다.',193,11,1,'20210101'),(553,'20201222','1. ∼ 11. (현행과 같음)',194,11,1,'20210101'),(554,'20201222','② (현행과 같음)',195,11,1,'20210101'),(555,'20201222','제141조(지도 및 감독 등) ① <P>시ㆍ도경찰청장</P>은 교통안전교육기관 또는 학원등의 건전한 육성ㆍ발전을 위하여 적절한 지도ㆍ감독을 하여야 한다.',196,11,1,'20210101'),(556,'20201222','② <P>시ㆍ도경찰청장</P>은 필요하다고 인정하면 다음 각 호의 자에 대하여 시설ㆍ설비 및 교육에 관한 사항이나 각종 통계자료를 제출 또는 보고하게 하거나 관계 공무원으로 하여금 해당 시설에 출입하여 시설ㆍ설비, 장부와 그 밖의 관계 서류를 검사하게 할 수 있다. 이 경우 <P>시ㆍ도경찰청장</P>은 시설ㆍ설비의 개선과 그 밖에 필요하다고 판단하는 사항에 대하여 명령을 할 수 있다.',197,11,1,'20210101'),(557,'20201222','1. ∼ 3. (현행과 같음)',198,11,1,'20210101'),(558,'20201222','③ (현행과 같음)',199,11,1,'20210101'),(559,'20201222','④ 경찰청장은 업무 중 다음 각 호의 사항에 대하여 지도ㆍ감독하고, 공단의 설립목적 달성에 필요한 명령을 할 수 있다.',200,11,1,'20210101'),(560,'20201222','1.·2. (현행과 같음)',201,11,1,'20210101'),(561,'20201222','3. 경찰청장이 위탁ㆍ승인 또는 대행하게 한 사업과 <P>시ㆍ도경찰청장</P>이 위탁 또는 대행하게 한 사업의 수행에 관한 사항',202,11,1,'20210101'),(562,'20201222','4. (현행과 같음)',203,11,1,'20210101'),(563,'20201222','제145조의2(광역 교통정보 사업) 경찰청장은 각 <P>시ㆍ도경찰청장</P>으로 하여금 광역 교통정보를 수집하고, 이를 다른 지역의 교통정보와 연계하여 분석한 결과를 일반에게 제공하는 사업을 시장등과 협의하여 추진하게 할 수 있다.',204,11,1,'20210101'),(564,'20201222','제147조(위임 및 위탁 등) ① 시장등은 이 법에 따른 권한 또는 사무의 일부를 대통령령으로 정하는 바에 따라 <P>시ㆍ도경찰청장</P>이나 경찰서장에게 위임 또는 위탁할 수 있다.',205,11,1,'20210101'),(565,'20201222','② (현행과 같음)',206,11,1,'20210101'),(566,'20201222','③ <P>시ㆍ도경찰청장</P>은 이 법에 따른 권한 또는 사무의 일부를 대통령령으로 정하는 바에 따라 관할 경찰서장에게 위임하거나 교통 관련 전문교육기관 또는 전문연구기관 등에 위탁할 수 있다.',207,11,1,'20210101'),(567,'20201222','④ <P>시ㆍ도경찰청장</P> 또는 경찰서장은 제1항에 따라 시장등으로부터 위임받거나 위탁받은 사무의 일부를 대통령령으로 정하는 바에 따라 교통 관련 전문교육기관 또는 전문연구기관에 위탁할 수 있다.',208,11,1,'20210101'),(568,'20201222','⑤ <P>시ㆍ도경찰청장</P>은 이 법에 따른 운전면허와 관련된 업무의 일부를 대통령령으로 정하는 바에 따라 공단으로 하여금 대행하게 할 수 있다.',209,11,1,'20210101'),(569,'20201222','⑥ (현행과 같음)',210,11,1,'20210101'),(570,'20201222','제156조(벌칙) 다음 각 호의 어느 하나에 해당하는 사람은 20만원 이하의 벌금이나 구류 또는 과료(科料)에 처한다.',211,11,1,'20210101'),(571,'20201222','1. ∼ 4. (현행과 같음)',212,11,1,'20210101'),(572,'20201222','5. 제39조제6항에 따른 <P>시ㆍ도경찰청장</P>의 제한을 위반한 사람',213,11,1,'20210101'),(573,'20201222','6. ∼ 12. (현행과 같음)',214,11,1,'20210101'),(574,'20201222','제161조(과태료의 부과ㆍ징수 등) ①제160조제1항부터 제3항까지의 규정에 따른 과태료는 대통령령으로 정하는 바에 따라 다음 각 호의 자가 부과ㆍ징수한다.',215,11,1,'20210101'),(575,'20201222','1. 제160조제1항부터 제3항까지(제15조제3항에 따른 전용차로 통행, 제32조부터 제34조까지의 규정에 따른 정차 또는 주차, 제53조제7항에 따른 안전운행기록 제출, 제53조의3제1항에 따른 어린이통학버스 안전교육, 제53조의3제3항에 따른 어린이통학버스 운영자 의무 규정을 위반한 경우는 제외한다)의 과태료: <P>시ㆍ도경찰청장</P>',216,11,1,'20210101'),(576,'20201222','2. ∼ 4. (현행과 같음)',217,11,1,'20210101'),(577,'20201222','② <P>시ㆍ도경찰청장</P>은 이 법에 따른 과태료 징수와 관련된 업무의 일부를 대통령령으로 정하는 바에 따라 「한국자산관리공사 설립 등에 관한 법률」에 따라 설립된 한국자산관리공사에 위탁할 수 있다.',218,11,1,'20210101'),(578,'20210112','제30조(긴급자동차에 대한 특례) 긴급자동차에 대하여는 다음 각 호의 사항을 적용하지 아니한다. <P>다만, 제4호부터 제12호까지의 사항은 긴급자동차 중 제2조제22호가목부터 다목까지의 자동차와 대통령령으로 정하는 경찰용 자동차에 대해서만 적용하지 아니한다.</P>',1,12,1,'20210513'),(579,'20210112','1. ∼ 3. (현행과 같음)',2,12,1,'20210513'),(580,'20210112','<P>4. 제5조에 따른 신호위반</P>',3,12,1,'20210513'),(581,'20210112','<P>5. 제13조제1항에 따른 보도침범</P>',4,12,1,'20210513'),(582,'20210112','<P>6. 제13조제3항에 따른 중앙선 침범</P>',5,12,1,'20210513'),(583,'20210112','<P>7. 제18조에 따른 횡단 등의 금지</P>',6,12,1,'20210513'),(584,'20210112','<P>8. 제19조에 따른 안전거리 확보 등</P>',7,12,1,'20210513'),(585,'20210112','<P>9. 제21조제1항에 따른 앞지르기 방법 등</P>',8,12,1,'20210513'),(586,'20210112','<P>10. 제32조에 따른 정차 및 주차의 금지</P>',9,12,1,'20210513'),(587,'20210112','<P>11. 제33조에 따른 주차금지</P>',10,12,1,'20210513'),(588,'20210112','<P>12. 제66조에 따른 고장 등의 조치</P>',11,12,1,'20210513'),(589,'20210112','제43조(무면허운전 등의 금지) 누구든지 제80조에 따라 시ㆍ도경찰청장으로부터 운전면허를 받지 아니하거나 운전면허의 효력이 정지된 경우에는 <P>자동차등</P>을 운전하여서는 아니 된다.',13,12,1,'20210513'),(590,'20210112','제47조(위험방지를 위한 조치) ① 경찰공무원은 <P>자동차등</P> 또는 노면전차의 운전자가 제43조부터 제45조까지의 규정을 위반하여 자동차등 또는 노면전차를 운전하고 있다고 인정되는 경우에는 자동차등 또는 노면전차를 일시정지시키고 그 운전자에게 자동차 운전면허증(이하 “운전면허증”이라 한다)을 제시할 것을 요구할 수 있다.',14,12,1,'20210513'),(591,'20210112','②·③ (현행과 같음)',15,12,1,'20210513'),(592,'20210112','제50조(특정 운전자의 준수사항) ① ∼ ③ (현행과 같음)',16,12,1,'20210513'),(593,'20210112','④ 자전거등의 운전자는 자전거도로 및 「도로법」에 따른 도로를 운전할 때에는 행정안전부령으로 정하는 인명보호 장구를 착용하여야 <P>하며,</P> 동승자에게도 이를 착용하도록 하여야 한다.',17,12,1,'20210513'),(594,'20210112','⑤ ∼ ⑩ (현행과 같음)',18,12,1,'20210513'),(595,'20210112','제80조(운전면허) ① 자동차등을 운전하려는 사람은 시ㆍ도경찰청장으로부터 운전면허를 받아야 한다. 다만, 제2조제19호나목의 원동기를 단 차 중 <P>「교통약자의 이동편의 증진법」</P> 제2조제1호에 따른 교통약자가 최고속도 시속 20킬로미터 이하로만 운행될 수 있는 차를 운전하는 경우에는 그러하지 아니하다.',19,12,1,'20210513'),(596,'20210112','② (현행과 같음)',20,12,1,'20210513'),(597,'20210112','③ 시ㆍ도경찰청장은 운전면허를 받을 사람의 신체 상태 또는 운전 능력에 따라 행정안전부령으로 정하는 바에 따라 운전할 수 있는 <P>자동차등</P>의 구조를 한정하는 등 운전면허에 필요한 조건을 붙일 수 있다.',21,12,1,'20210513'),(598,'20210112','④ (현행과 같음)',22,12,1,'20210513'),(599,'20210112','제82조(운전면허의 결격사유) ① (현행과 같음)',23,12,1,'20210513'),(600,'20210112','② 다음 각 호의 어느 하나의 경우에 해당하는 사람은 해당 각 호에 규정된 기간이 지나지 아니하면 운전면허를 받을 수 없다. 다만, 다음 각 호의 사유로 인하여 벌금 미만의 형이 확정되거나 선고유예의 판결이 확정된 경우 또는 기소유예나 「소년법」 제32조에 따른 보호처분의 결정이 있는 경우에는 각 호에 규정된 기간 내라도 운전면허를 받을 수 있다.',24,12,1,'20210513'),(601,'20210112','2. ∼ 8. (현행과 같음)',26,12,1,'20210513'),(602,'20210112','③ (현행과 같음)',27,12,1,'20210513'),(603,'20210112','제83조(운전면허시험 등) ① 운전면허시험(제1종 보통면허시험 및 제2종 보통면허시험은 제외한다)은 제120조에 따른 도로교통공단이 다음 각 호의 사항에 대하여 제80조제2항에 따른 운전면허의 구분에 따라 실시한다. 다만, 대통령령으로 정하는 운전면허시험은 대통령령으로 정하는 바에 따라 시ㆍ도경찰청장이나 도로교통공단이 실시한다.',28,12,1,'20210513'),(604,'20210112','1. <P>자동차등</P>의 운전에 필요한 적성',29,12,1,'20210513'),(605,'20210112','2. ∼ 5. (현행과 같음)',30,12,1,'20210513'),(606,'20210112','② ∼ ⑤ (현행과 같음)',31,12,1,'20210513'),(607,'20210112','제84조(운전면허시험의 면제) ① 다음 각 호의 어느 하나에 해당하는 사람에 대하여는 대통령령으로 정하는 바에 따라 운전면허시험의 일부를 면제한다.',32,12,1,'20210513'),(608,'20210112','1. ∼ 3. (현행과 같음)',33,12,1,'20210513'),(609,'20210112','4. 군(軍) 복무 중 <P>자동차등</P>에 상응하는 군 소속 차를 6개월 이상 운전한 경험이 있는 사람',34,12,1,'20210513'),(610,'20210112','5. ∼ 9. (현행과 같음)',35,12,1,'20210513'),(611,'20210112','②·③ (현행과 같음)',36,12,1,'20210513'),(612,'20210112','제92조(운전면허증 휴대 및 제시 등의 의무) ① <P>자동차등</P>을 운전할 때에는 다음 각 호의 어느 하나에 해당하는 운전면허증 등을 지니고 있어야 한다.',37,12,1,'20210513'),(613,'20210112','1.·2. (현행과 같음)',38,12,1,'20210513'),(614,'20210112','② (현행과 같음)',39,12,1,'20210513'),(615,'20210112','1. 제44조제1항을 위반하여 술에 취한 상태에서 <P>자동차등</P>을 운전한 경우',41,12,1,'20210513'),(616,'20210112','2. ∼ 7. (현행과 같음)',42,12,1,'20210513'),(617,'20210112','8. 제82조에 따라 운전면허를 받을 수 없는 사람이 운전면허를 받거나 <P>운전면허효력</P>의 정지기간 중 운전면허증 또는 운전면허증을 갈음하는 증명서를 발급받은 사실이 드러난 경우',43,12,1,'20210513'),(618,'20210112','<P>8의2. 거짓이나 그 밖의 부정한 수단으로 운전면허를 받은 경우</P>',44,12,1,'20210513'),(619,'20210112','9. ∼ 20. (현행과 같음)',45,12,1,'20210513'),(620,'20210112','② ∼ ④ (현행과 같음)',46,12,1,'20210513'),(621,'20210112','제96조(국제운전면허증에 의한 자동차등의 운전) ① 외국의 권한 있는 기관에서 다음 각 호의 어느 하나에 해당하는 협약, 협정 또는 약정에 따른 운전면허증(이하 “국제운전면허증”이라 한다)을 발급받은 사람은 제80조제1항에도 불구하고 국내에 입국한 날부터 1년 동안만 그 국제운전면허증으로 <P>자동차등</P>을 운전할 수 있다. 이 경우 운전할 수 있는 자동차의 종류는 그 국제운전면허증에 기재된 것으로 한정한다.',48,12,1,'20210513'),(622,'20210112','1. ∼ 3. (현행과 같음)',49,12,1,'20210513'),(623,'20210112','②·③ (현행과 같음)',50,12,1,'20210513'),(624,'20210112','제97조(자동차등의 운전 금지) ① 제96조에 따라 국제운전면허증을 가지고 국내에서 <P>자동차등</P>을 운전하는 사람이 다음 각 호의 어느 하나에 해당하는 경우에는 그 사람의 주소지를 관할하는 시ㆍ도경찰청장은 행정안전부령으로 정한 기준에 따라 1년을 넘지 아니하는 범위에서 국제운전면허증에 의한 자동차등의 운전을 금지할 수 있다.',51,12,1,'20210513'),(625,'20210112','1. ∼ 4. (현행과 같음)',52,12,1,'20210513'),(626,'20210112','②·③ (현행과 같음)',53,12,1,'20210513'),(627,'20210112','제156조(벌칙) 다음 각 호의 어느 하나에 해당하는 사람은 20만원 이하의 벌금이나 구류 또는 과료(科料)에 처한다.',54,12,1,'20210513'),(628,'20210112','2. ∼ 5. (현행과 같음)',56,12,1,'20210513'),(629,'20210112','6. <P>제50조제1항, 제3항 및 제4항</P>을 위반하여 좌석안전띠를 매지 아니하거나 인명보호 장구를 착용하지 아니한 <P>운전자(자전거 운전자는 제외한다)</P>',57,12,1,'20210513'),(630,'20210112','7. ∼ 12. (현행과 같음)',58,12,1,'20210513'),(631,'20210112','<P>13. 제43조를 위반하여 제80조에 따른 원동기장치자전거를 운전할 수 있는 운전면허를 받지 아니하거나(원동기장치자전거를 운전할 수 있는 운전면허의 효력이 정지된 경우를 포함한다) 국제운전면허증 중 원동기장치자전거를 운전할 수 있는 것으로 기재된 국제운전면허증을 발급받지 아니하고(운전이 금지된 경우와 유효기간이 지난 경우를 포함한다) 개인형 이동장치를 운전한 사람</P>',59,12,1,'20210513'),(632,'20210112','제158조의2(형의 감면) 긴급자동차(제2조제22호가목부터 다목까지의 자동차와 대통령령으로 정하는 경찰용 자동차만 해당한다)의 운전자가 그 차를 본래의 긴급한 용도로 운행하는 중에 교통사고를 일으킨 경우에는 그 긴급활동의 시급성과 불가피성 등 정상을 참작하여 <P>제151조, 「교통사고처리 특례법」 제3조제1항 또는 「특정범죄 가중처벌 등에 관한 법률」 제5조의13에 따른</P> 형을 감경하거나 면제할 수 있다.',60,12,1,'20210513'),(633,'20210112','제160조(과태료) ① (현행과 같음)',61,12,1,'20210513'),(634,'20210112','② 다음 각 호의 어느 하나에 해당하는 사람에게는 20만원 이하의 과태료를 부과한다.',62,12,1,'20210513'),(635,'20210112','1.·2. (현행과 같음)',63,12,1,'20210513'),(636,'20210112','3. <P>제50조제3항 및 제4항</P>을 위반하여 동승자에게 인명보호 장구를 착용하도록 하지 아니한 <P>운전자(자전거 운전자는 제외한다)</P>',64,12,1,'20210513'),(637,'20210112','4. ∼ 8. (현행과 같음)',65,12,1,'20210513'),(638,'20210112','<P>9. 제11조제4항을 위반하여 어린이가 개인형 이동장치를 운전하게 한 어린이의 보호자</P>',66,12,1,'20210513'),(639,'20210112','③·④ (현행과 같음)',67,12,1,'20210513'),(640,'20201020','제32조(정차 및 주차의 금지) 모든 차의 운전자는 다음 각 호의 어느 하나에 해당하는 곳에서는 차를 정차하거나 주차하여서는 아니 된다. 다만, 이 법이나 이 법에 따른 명령 또는 경찰공무원의 지시를 따르는 경우와 위험방지를 위하여 일시정지하는 경우에는 그러하지 아니하다.',1,13,1,'20210421'),(641,'20201020','1. ∼ 7. (현행과 같음)',2,13,1,'20210421'),(642,'20201020','<P>8. 시장등이 제12조제1항에 따라 지정한 어린이 보호구역</P>',3,13,1,'20210421'),(643,'20201020','제34조의2(정차 또는 주차를 금지하는 장소의 특례) <P>제32조제7호ㆍ제8호</P> 또는 제33조제3호에 따른 정차나 주차가 금지된 장소 중 지방경찰청장이 안전표지로 구역ㆍ시간ㆍ방법 및 차의 종류를 정하여 정차나 주차를 허용한 곳에서는 <P>제32조제7호ㆍ제8호</P> 또는 제33조제3호에도 불구하고 정차하거나 주차할 수 있다.',4,13,1,'20210421'),(644,'20201020','제69조(도로공사의 신고 및 안전조치 등) ① ∼ ③ (현행과 같음)',5,13,1,'20210421'),(645,'20201020','<P>④ 공사시행자는 공사기간 중 공사의 규모, 주변 교통환경 등을 고려하여 필요한 경우 관할 경찰서장의 지시에 따라 안전요원 또는 안전유도 장비를 배치하여야 한다.</P>',6,13,1,'20210421'),(646,'20201020','<P>⑤ 제3항에 따른 교통안전시설 설치 및 제4항에 따른 안전요원 또는 안전유도 장비 배치에 필요한 사항은 행정안전부령으로 정한다.</P>',7,13,1,'20210421'),(647,'20201020','<P>⑥ 공사시행자는 공사로 인하여 교통안전시설을 훼손한 경우에는 행정안전부령으로 정하는 바에 따라 원상회복하고 그 결과를 관할 경찰서장에게 신고하여야 한다.</P>',8,13,1,'20210421'),(648,'20201020','제73조(교통안전교육) ① (현행과 같음)',9,13,1,'20210421'),(649,'20201020','② 다음 각 호의 어느 하나에 해당하는 사람은 대통령령으로 정하는 바에 따라 특별교통안전 의무교육을 받아야 한다. 이 경우 제2호부터 <P>제5호까지</P>에 해당하는 사람으로서 부득이한 사유가 있으면 대통령령으로 정하는 바에 따라 의무교육의 연기(延期)를 받을 수 있다.',10,13,1,'20210421'),(650,'20201020','1. ∼ 4. (현행과 같음)',11,13,1,'20210421'),(651,'20201020','<P>5. 제12조제1항에 따른 어린이 보호구역에서 운전 중 어린이를 사상하는 사고를 유발하여 제93조제2항에 따른 벌점을 받은 날부터 1년 이내의 사람</P>',12,13,1,'20210421'),(652,'20201020','③ ∼ ⑤ (현행과 같음)',13,13,1,'20210421'),(653,'20201020','제154조(벌칙) 다음 각 호의 어느 하나에 해당하는 사람은 30만원 이하의 벌금이나 구류에 처한다.',14,13,1,'20210421'),(654,'20201020','1. ∼ 6. (현행과 같음)',15,13,1,'20210421'),(655,'20201020','7. 제69조제1항에 따른 도로공사의 신고를 하지 아니하거나 같은 조 제2항에 따른 조치를 위반한 사람 또는 같은 조 제3항을 위반하여 교통안전시설을 설치하지 아니하거나 같은 조 <P>제4항을 위반하여 안전요원 또는 안전유도 장비를 배치하지 아니한 사람 또는 같은 조 제6항</P>을 위반하여 교통안전시설을 원상회복하지 아니한 사람',16,13,1,'20210421'),(656,'20201020','8.·9. (현행과 같음)',17,13,1,'20210421'),(657,'20201020','1. ∼ 3. (현행과 같음)',19,13,1,'20210421'),(658,'20201020','② (현행과 같음)',20,13,1,'20210421'),(1329,'20231226','제12조(어린이 보호구역의 지정ㆍ해제 및 관리) ① ∼ ④ (생  략)',1,1,0,'20241227'),(1330,'20231226','⑤ 시장등은 제1항에 따라 지정한 어린이 보호구역에 어린이의 안전을 위하여 다음 각 호에 따른 시설 또는 장비를 우선적으로 설치하거나 관할 도로관리청에 해당 시설 또는 장비의 설치를 요청하여야 한다.',2,1,0,'20241227'),(1331,'20231226','1. ∼ 3. (생  략)',3,1,0,'20241227'),(1332,'20231226','<P><신  설></P>',4,1,0,'20241227'),(1333,'20231226','4. (생  략)',5,1,0,'20241227'),(1334,'20231226','제85조의2<P>(조건부 운전면허증의 발급 등)</P> <P>① 조건부 운전면허를 받으려는 사람은 제83조에 따른 운전면허시험에 합격하여야 한다.</P>',6,1,0,'20241227'),(1335,'20231226','<P>② 시ㆍ도경찰청장은 제1항에 따라 운전면허시험에 합격한 사람에 대하여 행정안전부령으로 정하는 조건부 운전면허증을 발급하여야 한다.</P>',7,1,0,'20241227'),(1336,'20231226','<P>③ 조건부 운전면허증을 잃어버렸거나 헐어 못 쓰게 되었을 때에는 행정안전부령으로 정하는 바에 따라 시ㆍ도경찰청장에게 신청하여 다시 발급받을 수 있다.</P>',8,1,0,'20241227'),(1337,'20231226','<P>④ 제2항에 따라 발급한 조건부 운전면허증의 조건 기간이 경과하면 해당 조건은 소멸한 것으로 본다.</P>',9,1,0,'20241227'),(1338,'20231226','<P>⑤ 조건부 운전면허증 발급 대상자 본인 확인에 대해서는 제87조의2를 준용한다. 이 경우 “운전면허증”은 “조건부 운전면허증”으로 본다.</P>',10,1,0,'20241227'),(1339,'20231226','<P><신  설></P>',11,1,0,'20241227'),(1340,'20231226','제92조(운전면허증 휴대 및 제시 등의 의무) ①·② (생  략)',12,1,0,'20241227'),(1341,'20231226','<P><신  설></P>',13,1,0,'20241227'),(1342,'20231226','제95조(운전면허증의 반납) ① 운전면허증을 받은 사람이 다음 각 호의 어느 하나에 해당하면 그 사유가 발생한 날부터 7일 이내(제4호 및 제5호의 경우 새로운 운전면허증을 받기 위하여 운전면허증을 제출한 때)에 주소지를 관할하는 시ㆍ도경찰청장에게 운전면허증을 <P>반납하여야</P> 한다.',14,1,0,'20241227'),(1343,'20231226','1. ∼ 5. (생  략)',15,1,0,'20241227'),(1344,'20231226','② 경찰공무원은 제1항을 위반하여 운전면허증을 반납하지 아니한 사람이 소지한 운전면허증을 직접 <P>회수</P>할 수 있다.',16,1,0,'20241227'),(1345,'20231226','③ (생  략)',17,1,0,'20241227'),(1346,'20231226','제150조(벌칙) 다음 각 호의 어느 하나에 해당하는 사람은 2년 이하의 징역이나 500만원 이하의 벌금에 처한다.',18,1,0,'20241227'),(1347,'20231226','1. ∼ 3. (생  략)',19,1,0,'20241227'),(1348,'20231226','<P><신  설></P>',20,1,0,'20241227'),(1349,'20231226','4. ∼ 7. (생  략)',21,1,0,'20241227'),(1350,'20231024','제87조의2(운전면허증 발급 대상자 본인 확인) ① 시ㆍ도경찰청장은 제85조제2항부터 제4항까지, 제86조 또는 제87조제1항에 따라 운전면허증을 발급(이하 이 조 및 제137조의2제2항에서 “운전면허증 발급”이라 한다)하려는 경우에는 운전면허증 발급을 받으려는 사람의 <P>주민등록증</P>이나 여권, 그 밖에 행정안전부령으로 정하는 신분증명서의 사진 등을 통하여 본인인지를 확인할 수 있다.',1,2,0,'20241025'),(1351,'20231024','②·③ (생  략)',2,2,0,'20241025'),(1352,'20240213','<P>제50조의2(자율주행자동차 운전자의 준수사항 등) ① 행정안전부령으로 정하는 완전 자율주행시스템에 해당하지 아니하는 자율주행시스템을 갖춘 자동차의 운전자는 자율주행시스템의 직접 운전 요구에 지체 없이 대응하여 조향장치, 제동장치 및 그 밖의 장치를 직접 조작하여 운전하여야 한다.\n  ② 운전자가 자율주행시스템을 사용하여 운전하는 경우에는 제49조제1항제10호, 제11호 및 제11호의2의 규정을 적용하지 아니한다.</P>',1,3,0,'20240814'),(1353,'20240213','<P><신  설></P>',2,3,0,'20240814'),(1354,'20240213','<P><신  설></P>',3,3,0,'20240814'),(1355,'20240213','제85조(운전면허증의 발급 등) ① ∼ ⑤ (생  략)',4,3,0,'20240814'),(1356,'20240213','<P><신  설></P>',5,3,0,'20240814'),(1357,'20240213','1. ∼ 14. (생  략)',7,3,0,'20240814'),(1358,'20240213','15. <P>운전면허증을 다른</P> 사람에게 <P>빌려주어 운전하게 하거나</P> 다른 사람의 운전면허증을 빌려서 사용한 경우',8,3,0,'20240814'),(1359,'20240213','16. ∼ 23. (생  략)',9,3,0,'20240814'),(1360,'20240213','② ∼ ④ (생  략)',10,3,0,'20240814'),(1361,'20240213','제106조(전문학원의 강사) ①·② (생  략)',11,3,0,'20240814'),(1362,'20240213','<P>1. 거짓이나 그 밖의 부정한 방법으로 강사자격증을 발급받은 경우</P>',14,3,0,'20240814'),(1363,'20240213','<P>2. 다음 각 목의 어느 하나에 해당하는 죄를 저질러 금고 이상의 형(집행유예를 포함한다)을 선고받은 경우\n   가. 「교통사고처리 특례법」 제3조제1항에 따른 죄\n   나. 「특정범죄 가중처벌 등에 관한 법률」 제5조의3, 제5조의11제1항 및 제5조의13에 따른 죄\n   다. 「성폭력범죄의 처벌 등에 관한 특례법」 제2조에 따른 성폭력범죄\n   라. 「아동ㆍ청소년의 성보호에 관한 법률」 제2조제2호에 따른 아동ㆍ청소년대상 성범죄</P>',15,3,0,'20240814'),(1364,'20240213','<P>3. 강사의 자격정지 기간 중에 교육을 한 경우</P>',16,3,0,'20240814'),(1365,'20240213','<P>4. 강사의 자격증을 다른 사람에게 빌려 준 경우</P>',17,3,0,'20240814'),(1366,'20240213','<P>⑤ 전문학원의 학감은 강사가 아닌 사람으로 하여금 자동차운전에 관한 학과교육 또는 기능교육을 하게 하여서는 아니 된다.</P>',18,3,0,'20240814'),(1367,'20240213','<P><신  설></P>',19,3,0,'20240814'),(1368,'20240213','제107조(기능검정원) ①·② (생  략)',20,3,0,'20240814'),(1369,'20240213','<P>③ 다음 각 호의 어느 하나에 해당하는 사람은 기능검정원이 될 수 없다.\n  1. 삭  제\n  2. 제76조제3항제2호에 해당하는 사람\n  3. 제4항에 따라 기능검정원의 자격이 취소된 경우에는 그 자격이 취소된 날부터 3년이 지나지 아니한 사람\n  4. 기능검정에 사용되는 자동차를 운전할 수 있는 운전면허를 받지 아니하거나 운전면허를 받은 날부터 3년이 지나지 아니한 사람</P>',21,3,0,'20240814'),(1370,'20240213','④ <P>시ㆍ도경찰청장은 기능검정원이 다음 각 호의 어느 하나에 해당하면 행정안전부령으로 정하는 기준에 따라 그 기능검정원의 자격을 취소하거나 1년 이내의 범위에서 기간을 정하여 그 자격의 효력을 정지시킬 수 있다. 다만, 제1호부터 제6호까지의 어느 하나에 해당하는 경우에는 그 자격을 취소하여야 한다.</P>',22,3,0,'20240814'),(1371,'20240213','<P>1. 거짓으로 제108조제4항에 따른 기능검정의 합격 사실을 증명한 경우</P>',23,3,0,'20240814'),(1372,'20240213','<P>2. 거짓이나 그 밖의 부정한 방법으로 기능검정원자격증을 발급받은 경우</P>',24,3,0,'20240814'),(1373,'20240213','<P>3. 다음 각 목의 어느 하나에 해당하는 죄를 저질러 금고 이상의 형(집행유예를 포함한다)을 선고받은 경우\n   가. 「교통사고처리 특례법」 제3조제1항에 따른 죄\n   나. 「특정범죄 가중처벌 등에 관한 법률」 제5조의3, 제5조의11제1항 및 제5조의13에 따른 죄\n   다. 「성폭력범죄의 처벌 등에 관한 특례법」 제2조에 따른 성폭력범죄\n   라. 「아동ㆍ청소년의 성보호에 관한 법률」 제2조제2호에 따른 아동ㆍ청소년대상 성범죄</P>',25,3,0,'20240814'),(1374,'20240213','<P>4. 기능검정원의 자격정지 기간 중에 기능검정을 한 경우</P>',26,3,0,'20240814'),(1375,'20240213','<P><신  설></P>',27,3,0,'20240814'),(1376,'20240213','제113조(학원등에 대한 행정처분) ① (생  략)',28,3,0,'20240814'),(1377,'20240213','② 시ㆍ도경찰청장은 전문학원이 다음 각 호의 어느 하나에 해당하면 행정안전부령으로 정하는 기준에 따라 학원의 등록을 취소하거나 1년 이내의 기간을 정하여 운영의 정지를 명할 수 있다.',29,3,0,'20240814'),(1378,'20240213','1. ∼ 4. (생  략)',30,3,0,'20240814'),(1379,'20240213','5. <P>제106조제5항</P>을 위반하여 학감이 강사가 아닌 사람으로 하여금 학과교육 또는 기능교육을 하게 한 경우',31,3,0,'20240814'),(1380,'20240213','6. ∼ 9. (생  략)',32,3,0,'20240814'),(1381,'20240213','③·④ (생  략)',33,3,0,'20240814'),(1382,'20240213','제140조(교통안전교육기관의 수강료 등) <P>제73조에 따른</P> 교육을 하는 자는 교육생으로부터 수강료를 받을 수 있다.',34,3,0,'20240814'),(1383,'20240213','<P>제145조(교통정보의 제공) 경찰청장은 교통의 안전과 원활한 소통을 확보하기 위하여 필요한 정보를 수집하여 분석하고 그 결과를 신속하게 일반에게 제공하여야 한다.</P>',35,3,0,'20240814'),(1384,'20240213','<P><신  설></P>',36,3,0,'20240814'),(1385,'20240213','제150조(벌칙) 다음 각 호의 어느 하나에 해당하는 사람은 2년 이하의 징역이나 500만원 이하의 벌금에 처한다.',37,3,0,'20240814'),(1386,'20240213','1. ∼ 3. (생  략)',38,3,0,'20240814'),(1387,'20240213','<P>3의2. 제92조제3항을 위반하여 다른 사람 명의의 모바일운전면허증을 부정하게 사용한 사람</P>',39,3,0,'20240814'),(1388,'20240213','<P><신  설></P>',40,3,0,'20240814'),(1389,'20240213','4. ∼ 7. (생  략)',41,3,0,'20240814'),(1390,'20240213','제156조(벌칙) 다음 각 호의 어느 하나에 해당하는 사람은 20만원 이하의 벌금이나 구류 또는 과료(科料)에 처한다.',42,3,0,'20240814'),(1391,'20240213','1. ∼ 6. (생  략)',43,3,0,'20240814'),(1392,'20240213','6의2. <P>제50조의2제1항</P>을 위반하여 자율주행시스템의 직접 운전 요구에 지체 없이 대응하지 아니한 자율주행자동차의 운전자',44,3,0,'20240814'),(1393,'20240213','7. ∼ 13. (생  략)',45,3,0,'20240814'),(1394,'20240213','제160조(과태료) ① (생  략)',46,3,0,'20240814'),(1395,'20240213','② 다음 각 호의 어느 하나에 해당하는 사람에게는 20만원 이하의 과태료를 부과한다.',47,3,0,'20240814'),(1396,'20240213','1. ∼ 9. (생  략)',48,3,0,'20240814'),(1397,'20240213','<P><신  설></P>',49,3,0,'20240814'),(1398,'20240213','③·④ (생  략)',50,3,0,'20240814'),(1399,'20240213','제161조(과태료의 부과ㆍ징수 등) ①제160조제1항부터 제3항까지의 규정에 따른 과태료는 대통령령으로 정하는 바에 따라 다음 각 호의 자가 부과ㆍ징수한다.',51,3,0,'20240814'),(1400,'20240213','1. (생  략)',52,3,0,'20240814'),(1401,'20240213','2. 제160조제1항(제52조제1항ㆍ제3항을 위반한 경우만 해당한다), 제2항(제49조제1항제1호ㆍ제3호, 제50조제1항ㆍ제3항, 제52조제2항, 제53조제2항, <P>제53조의3제1항 및 제53조의3제3항</P>을 위반한 경우만 해당한다) 및 제3항(제5조, 제13조제3항, 제15조제3항, 제17조제3항, 제29조제4항ㆍ제5항, 제32조부터 제34조까지의 규정을 위반한 경우만 해당한다)의 과태료: 제주특별자치도지사',53,3,0,'20240814'),(1402,'20240213','3. <P>제160조제2항제4호의3ㆍ제4호의4ㆍ제4호의5</P> 및 같은 조 제3항(제15조제3항, 제29조제4항ㆍ제5항, 제32조부터 제34조까지의 규정을 위반한 경우만 해당한다)의 과태료: 시장등',54,3,0,'20240814'),(1403,'20240213','4. (생  략)',55,3,0,'20240814'),(1404,'20240213','② (생  략)',56,3,0,'20240814'),(1405,'20240130','제76조(교통안전교육강사의 자격기준 등) ①·② (생  략)',1,4,0,'20240731'),(1406,'20240130','③ 다음 각 호의 어느 하나에 해당하는 사람은 교통안전교육강사가 될 수 없다.',2,4,0,'20240731'),(1407,'20240130','<P>1. 20세 미만인 사람</P>',3,4,0,'20240731'),(1408,'20240130','2. <P>「교통사고처리 특례법」 제3조제1항 또는 「특정범죄 가중처벌 등에 관한 법률」 제5조의3을 위반하여</P> 금고 이상의 형을 선고받고 그 집행이 끝나거나 집행이 면제된 날부터 2년이 지나지 아니한 <P>사람</P>',4,4,0,'20240731'),(1409,'20240130','<P><신  설></P>',5,4,0,'20240731'),(1410,'20240130','<P><신  설></P>',6,4,0,'20240731'),(1411,'20240130','<P><신  설></P>',7,4,0,'20240731'),(1412,'20240130','<P><신  설></P>',8,4,0,'20240731'),(1413,'20240130','<P>3. 「교통사고처리 특례법」 제3조제1항 또는 「특정범죄 가중처벌 등에 관한 법률」 제5조의3을 위반하여 금고 이상의 형을 선고받고 그 집행유예기간 중에 있는 사람</P>',9,4,0,'20240731'),(1414,'20240130','4. (생  략)',10,4,0,'20240731'),(1415,'20240130','④ ∼ ⑥ (생  략)',11,4,0,'20240731'),(1416,'20240130','1. ∼ 10의2. (생  략)',13,4,0,'20240731'),(1417,'20240130','11. 운전면허를 받은 사람이 자동차등을 범죄의 도구나 장소로 이용하여 다음 각 목의 어느 하나의 죄를 범한 경우',14,4,0,'20240731'),(1418,'20240130','가.·나. (생  략)',15,4,0,'20240731'),(1419,'20240130','<P><신  설></P>',16,4,0,'20240731'),(1420,'20240130','12. ∼ 23. (생  략)',17,4,0,'20240731'),(1421,'20240130','② ∼ ④ (생  략)',18,4,0,'20240731'),(1422,'20240130','제105조(전문학원의 학감 등) 학감이나 부학감은 다음 각 호의 요건을 모두 갖추고 있는 사람으로 한다.',19,4,0,'20240731'),(1423,'20240130','<P>1. 30세 이상 65세 이하인 사람</P>',20,4,0,'20240731'),(1424,'20240130','2. 도로교통에 관한 업무에 <P>3년 이상 근무</P>한 경력(관리직 경력만 해당한다)이 있는 사람 또는 학원등의 운영ㆍ관리에 관한 업무에 <P>3년 이상 근무</P>한 경력이 있는 사람으로서 다음 각 목의 어느 하나에 해당되지 아니하는 사람',21,4,0,'20240731'),(1425,'20240130','가. ∼ 아. (생  략)',22,4,0,'20240731'),(1426,'20240130','3. (생  략)',23,4,0,'20240731'),(1427,'20240130','제106조(전문학원의 강사) ①·② (생  략)',24,4,0,'20240731'),(1428,'20240130','③ 다음 각 호의 어느 하나에 해당하는 사람은 전문학원의 강사가 될 수 없다.',25,4,0,'20240731'),(1429,'20240130','1. <P>제76조제3항제1호부터 제3호까지</P>의 규정에 해당하는 사람',26,4,0,'20240731'),(1430,'20240130','2. ∼ 4. (생  략)',27,4,0,'20240731'),(1431,'20240130','1. (생  략)',29,4,0,'20240731'),(1432,'20240130','2. <P>「교통사고처리 특례법」 제3조제1항 또는 「특정범죄 가중처벌 등에 관한 법률」 제5조의3을 위반하여</P> 금고 이상의 형(집행유예를 포함한다)을 선고받은 경우',30,4,0,'20240731'),(1433,'20240130','<P><신  설></P>',31,4,0,'20240731'),(1434,'20240130','<P><신  설></P>',32,4,0,'20240731'),(1435,'20240130','<P><신  설></P>',33,4,0,'20240731'),(1436,'20240130','<P><신  설></P>',34,4,0,'20240731'),(1437,'20240130','3. ∼ 9. (생  략)',35,4,0,'20240731'),(1438,'20240130','⑤ (생  략)',36,4,0,'20240731'),(1439,'20240130','제107조(기능검정원) ①·② (생  략)',37,4,0,'20240731'),(1440,'20240130','③ 다음 각 호의 어느 하나에 해당하는 사람은 기능검정원이 될 수 없다.',38,4,0,'20240731'),(1441,'20240130','<P>1. 27세 미만인 사람</P>',39,4,0,'20240731'),(1442,'20240130','2. <P>제76조제3항제2호 또는 제3호</P>에 해당하는 사람',40,4,0,'20240731'),(1443,'20240130','3.·4. (생  략)',41,4,0,'20240731'),(1444,'20240130','④ 시ㆍ도경찰청장은 기능검정원이 다음 각 호의 어느 하나에 해당하면 행정안전부령으로 정하는 기준에 따라 그 기능검정원의 자격을 취소하거나 1년 이내의 범위에서 기간을 정하여 그 자격의 효력을 정지시킬 수 있다. 다만, 제1호부터 제6호까지의 어느 하나에 해당하는 경우에는 그 자격을 취소하여야 한다.',42,4,0,'20240731'),(1445,'20240130','1.·2. (생  략)',43,4,0,'20240731'),(1446,'20240130','3. <P>「교통사고처리 특례법」 제3조제1항 또는 「특정범죄 가중처벌 등에 관한 법률」 제5조의3을 위반하여</P> 금고 이상의 형(집행유예를 포함한다)을 선고받은 경우',44,4,0,'20240731'),(1447,'20240130','<P><신  설></P>',45,4,0,'20240731'),(1448,'20240130','<P><신  설></P>',46,4,0,'20240731'),(1449,'20240130','<P><신  설></P>',47,4,0,'20240731'),(1450,'20240130','<P><신  설></P>',48,4,0,'20240731'),(1451,'20240130','4. ∼ 9. (생  략)',49,4,0,'20240731'),(1452,'20240130','제12조의4(보호구역에 대한 실태조사 등) ①·② (생  략)',1,5,0,'20240731'),(1453,'20240130','③ 시장등은 제1항에 따른 실태조사 업무의 일부를 대통령령으로 정하는 바에 따라 <P>도로교통공단</P> 또는 교통 관련 전문기관에 위탁할 수 있다.',2,5,0,'20240731'),(1454,'20240130','제74조(교통안전교육기관의 지정 등) ① (생  략)',3,5,0,'20240731'),(1455,'20240130','② 시ㆍ도경찰청장은 교통안전교육을 하기 위하여 다음 각 호의 어느 하나에 해당하는 기관이나 시설이 대통령령으로 정하는 시설ㆍ설비 및 강사 등의 요건을 갖추어 신청하는 경우에는 해당 기관이나 시설을 교통안전교육을 하는 기관(이하 “교통안전교육기관”이라 한다)으로 지정할 수 있다.',4,5,0,'20240731'),(1456,'20240130','1. (생  략)',5,5,0,'20240731'),(1457,'20240130','2. <P>제120조 및 제121조에 따른 도로교통공단</P>과 그 지부(支部)ㆍ지소 및 교육기관',6,5,0,'20240731'),(1458,'20240130','3.·4. (생  략)',7,5,0,'20240731'),(1459,'20240130','③·④ (생  략)',8,5,0,'20240731'),(1460,'20240130','제83조(운전면허시험 등) ① 운전면허시험(제1종 보통면허시험 및 제2종 보통면허시험은 제외한다)은 <P>제120조에 따른 도로교통공단</P>이 다음 각 호의 사항에 대하여 제80조제2항에 따른 운전면허의 구분에 따라 실시한다. 다만, 대통령령으로 정하는 운전면허시험은 대통령령으로 정하는 바에 따라 시ㆍ도경찰청장이나 <P>도로교통공단</P>이 실시한다.',9,5,0,'20240731'),(1461,'20240130','1. ∼ 5. (생  략)',10,5,0,'20240731'),(1462,'20240130','② 제1종 보통면허시험과 제2종 보통면허시험은 <P>도로교통공단</P>이 응시자가 도로에서 자동차를 운전할 능력이 있는지에 대하여 실시한다. 이 경우 제1종 보통면허시험은 제1종 보통연습면허를 받은 사람을 대상으로 하고, 제2종 보통면허시험은 제2종 보통연습면허를 받은 사람을 대상으로 한다.',11,5,0,'20240731'),(1463,'20240130','③ ∼ ⑤ (생  략)',12,5,0,'20240731'),(1464,'20240130','제84조(운전면허시험의 면제) ①·② (생  략)',13,5,0,'20240731'),(1465,'20240130','③ <P>도로교통공단</P>은 제1항제3호 및 제2항에 따라 외국면허증을 가진 사람에게 운전면허시험의 일부를 면제하고 국내운전면허증을 발급하는 경우에는 해당 외국면허증을 발급한 국가의 요청이 있는 경우 등 대통령령으로 정하는 사유가 있는 경우에만 그 사람의 외국면허증을 회수할 수 있다. 이 경우 그 외국면허증을 발급한 국가의 관계 기관의 요청이 있는 경우에는 그 외국면허증을 해당 국가에 송부할 수 있다.',14,5,0,'20240731'),(1466,'20240130','제84조의2(부정행위자에 대한 조치) ① 경찰청장은 제106조에 따른 전문학원의 강사자격시험 및 제107조에 따른 기능검정원 자격시험에서, 시ㆍ도경찰청장 또는 <P>도로교통공단</P>은 제83조에 따른 운전면허시험에서 부정행위를 한 사람에 대하여는 해당 시험을 각각 무효로 처리한다.',15,5,0,'20240731'),(1467,'20240130','② (생  략)',16,5,0,'20240731'),(1468,'20240130','제87조(운전면허증의 갱신과 정기 적성검사) ① (생  략)',17,5,0,'20240731'),(1469,'20240130','② 다음 각 호의 어느 하나에 해당하는 사람은 제1항에 따른 운전면허증 갱신기간에 대통령령으로 정하는 바에 따라 <P>도로교통공단</P>이 실시하는 정기(定期) 적성검사(適性檢査)를 받아야 한다.',18,5,0,'20240731'),(1470,'20240130','1.·2. (생  략)',19,5,0,'20240731'),(1471,'20240130','③·④ (생  략)',20,5,0,'20240731'),(1472,'20240130','제88조(수시 적성검사) ① 제1종 운전면허 또는 제2종 운전면허를 받은 사람(제96조제1항에 따른 국제운전면허증 또는 상호인정외국면허증을 받은 사람을 포함한다)이 안전운전에 장애가 되는 후천적 신체장애 등 대통령령으로 정하는 사유에 해당되는 경우에는 <P>도로교통공단</P>이 실시하는 수시(隨時) 적성검사를 받아야 한다.',21,5,0,'20240731'),(1473,'20240130','② (생  략)',22,5,0,'20240731'),(1474,'20240130','제90조(정신 질환 등이 의심되는 사람에 대한 조치) <P>도로교통공단</P>은 다음 각 호의 어느 하나에 해당하는 사람이 제82조제1항제2호 또는 제5호에 해당한다고 인정할 만한 상당한 사유가 있는 경우에는 해당 분야 전문의(專門醫)의 정밀진단을 받게 할 수 있다.',23,5,0,'20240731'),(1475,'20240130','1.·2. (생  략)',24,5,0,'20240731'),(1476,'20240130','<P>제120조(도로교통공단의 설립) ①  도로에서의 교통안전에 관한 교육ㆍ홍보ㆍ연구ㆍ기술개발과 운전면허시험의 관리 등을 통하여 교통질서를 확립하고 교통의 안전성을 높임으로써 도로에서 일어나는 교통상의 위험과 장해를 예방하는 데에 이바지하기 위하여 도로교통공단(이하 “공단”이라 한다)을 설립한다.\n  ② 공단은 법인으로 한다.\n  ③ 공단의 설립과 등기에 필요한 사항은 대통령령으로 정한다.</P>',25,5,0,'20240731'),(1477,'20240130','<P>제121조(지부 등의 설치) 공단은 정관으로 정하는 바에 따라 지부 또는 지소와 연구원, 교통사고 분석센터, 교육기관, 교통방송국 및 운전면허시험장 등을 둘 수 있다.</P>',26,5,0,'20240731'),(1478,'20240130','<P>제122조(정관) ①  공단의 정관에는 다음 각 호의 사항이 포함되어야 한다.\n  1. 목적\n  2. 명칭\n  3. 주된 사무소의 소재지\n  4. 사업에 관한 사항\n  5. 이사회에 관한 사항\n  6. 임원 및 직원에 관한 사항\n  7. 재산 및 회계에 관한 사항\n  8. 운영자금에 관한 사항\n  9. 공고에 관한 사항\n  10. 정관의 변경에 관한 사항\n  ② 공단은 정관을 변경하려면 경찰청장의 인가를 받아야 한다.</P>',27,5,0,'20240731'),(1479,'20240130','<P>제124조(비용 등의 부담) 공단은 법인ㆍ단체 또는 개인으로부터 제123조에 따른 사업과 관련된 업무를 의뢰받은 경우에는 의뢰한 자로부터 업무 수행에 필요한 비용을 받을 수 있다.</P>',29,5,0,'20240731'),(1480,'20240130','<P>제125조(임원) 공단에 이사장 1명을 포함한 11명 이내의 이사와 감사 1명을 둔다.</P>',30,5,0,'20240731'),(1481,'20240130','<P>제129조(직원) 공단의 직원은 정관으로 정하는 바에 따라 이사장이 임명하거나 해임한다.</P>',31,5,0,'20240731'),(1482,'20240130','<P>제129조의2(공단 임직원의 공무원 의제) 공단의 임직원은 제123조제11호부터 제13호까지의 업무 및 제147조제5항ㆍ제6항에 따라 공단이 대행하게 된 업무에 관하여 「형법」이나 그 밖의 법률에 따른 벌칙을 적용할 때에는 공무원으로 본다.</P>',32,5,0,'20240731'),(1483,'20240130','<P>제129조의3(비밀누설 등의 금지) 공단의 임직원이거나 임직원이었던 사람은 그 직무상 알게 된 비밀을 누설하거나 도용하여서는 아니 된다.</P>',33,5,0,'20240731'),(1484,'20240130','<P>제131조(출자 등) ①  공단은 사업을 효율적으로 수행하기 위하여 필요한 경우에는 제123조에 따른 사업과 관련된 사업에 출자하거나 출연할 수 있다.\n  ② 공단이 제1항에 따라 출자 또는 출연하려면 대통령령으로 정하는 바에 따라 경찰청장의 승인을 받아야 한다.</P>',35,5,0,'20240731'),(1485,'20240130','<P>제132조(국유재산 등의 무상 대부) 국가나 지방자치단체는 공단의 시설과 운영을 위하여 필요한 경우에는 공단에 국유재산이나 공유재산을 무상(無償)으로 대부하거나 사용ㆍ수익하게 할 수 있다.</P>',36,5,0,'20240731'),(1486,'20240130','<P>제134조(예산의 편성 및 승인) 공단은 다음 회계연도의 예산안을 편성하고 이사회 의결을 거쳐 다음 회계연도가 시작되기 전까지 경찰청장의 승인을 받아 확정한다. 이를 변경할 때에도 또한 같다.</P>',37,5,0,'20240731'),(1487,'20240130','<P>제136조(「민법」의 준용) 공단에 관하여 이 법에서 규정한 사항을 제외하고는 「민법」 중 재단법인에 관한 규정을 준용한다.</P>',38,5,0,'20240731'),(1488,'20240130','제137조(운전자에 관한 정보의 관리 및 제공 등) ① (생  략)',39,5,0,'20240731'),(1489,'20240130','② 시ㆍ도경찰청장 및 경찰서장은 운전자의 운전면허ㆍ교통사고 및 교통법규 위반에 관한 정보를, <P>공단</P>은 운전면허에 관한 정보를 각각 제1항에 따른 전산시스템에 등록ㆍ관리하여야 한다.',40,5,0,'20240731'),(1490,'20240130','③ 운전자 본인 또는 그 대리인은 행정안전부령으로 정하는 바에 따라 시ㆍ도경찰청장, 경찰서장 또는 <P>공단</P>에 제1항에 따른 정보를 확인하는 증명을 신청할 수 있다.',41,5,0,'20240731'),(1491,'20240130','④ 시ㆍ도경찰청장, 경찰서장 또는 <P>공단</P>은 제3항에 따른 신청을 받으면 행정안전부령으로 정하는 바에 따라 운전자에 관한 정보를 확인하는 서류로써 증명하여 주어야 한다.',42,5,0,'20240731'),(1492,'20240130','⑤ 경찰청장 또는 <P>공단</P>은 운전면허증의 진위 여부에 대한 확인요청이 있는 경우 제1항에 따른 전산시스템을 이용하여 그 진위를 확인하여 줄 수 있다.',43,5,0,'20240731'),(1493,'20240130','제139조(수수료) ① 다음 각 호의 어느 하나에 해당하는 사람은 행정안전부령으로 정하는 바에 따라 수수료를 내야 한다. 다만, 경찰청장 또는 시ㆍ도경찰청장이 제147조에 따라 업무를 대행하게 한 경우에는 그 업무를 대행하는 <P>공단</P>이 경찰청장의 승인을 받아 결정ㆍ공고하는 수수료를 <P>공단</P>에 내야 한다.',44,5,0,'20240731'),(1494,'20240130','1. ∼ 11. (생  략)',45,5,0,'20240731'),(1495,'20240130','② 다음 각 호의 어느 하나에 해당하는 사람은 <P>공단</P>이 경찰청장의 승인을 받아 결정ㆍ공고하는 수수료를 내야 한다.',46,5,0,'20240731'),(1496,'20240130','1.·2. (생  략)',47,5,0,'20240731'),(1497,'20240130','제141조(지도 및 감독 등) ① ∼ ③ (생  략)',48,5,0,'20240731'),(1498,'20240130','<P>④ 경찰청장은 업무 중 다음 각 호의 사항에 대하여 지도ㆍ감독하고, 공단의 설립목적 달성에 필요한 명령을 할 수 있다.\n  1. 조직관리에 관한 사항\n  2. 운전면허시험의 관리 및 정기ㆍ수시 적성검사 사업 수행에 관한 사항\n  3. 경찰청장이 위탁ㆍ승인 또는 대행하게 한 사업과 시ㆍ도경찰청장이 위탁 또는 대행하게 한 사업의 수행에 관한 사항\n  4. 그 밖에 관계 법령에서 정하는 사항</P>',49,5,0,'20240731'),(1499,'20240130','제147조(위임 및 위탁 등) ① ∼ ④ (생  략)',50,5,0,'20240731'),(1500,'20240130','⑤ 시ㆍ도경찰청장은 이 법에 따른 운전면허와 관련된 업무의 일부를 대통령령으로 정하는 바에 따라 <P>공단</P>으로 하여금 대행 또는 위탁하게 할 수 있다.',51,5,0,'20240731'),(1501,'20240130','⑥ 경찰청장은 제106조와 제107조에 따른 강사 및 기능검정원에 대한 자격시험과 자격증 발급 업무를 <P>공단</P>으로 하여금 대행하게 할 수 있다.',52,5,0,'20240731'),(1502,'20240130','제150조(벌칙) 다음 각 호의 어느 하나에 해당하는 사람은 2년 이하의 징역이나 500만원 이하의 벌금에 처한다.',53,5,0,'20240731'),(1503,'20240130','1. ∼ 6. (생  략)',54,5,0,'20240731'),(1504,'20240130','<P>7. 제129조의3을 위반하여 비밀을 누설하거나 도용한 사람</P>',55,5,0,'20240731'),(1505,'20230418','제2조(정의) 이 법에서 사용하는 용어의 뜻은 다음과 같다.',1,6,0,'20231019'),(1506,'20230418','1. ∼ 22. (생  략)',2,6,0,'20231019'),(1507,'20230418','23. “어린이통학버스”란 다음 각 목의 시설 가운데 어린이(13세 미만인 사람을 말한다. 이하 같다)를 교육 대상으로 하는 시설에서 어린이의 <P>통학 등</P>에 이용되는 자동차와 「여객자동차 운수사업법」 제4조제3항에 따른 여객자동차운송사업의 한정면허를 받아 어린이를 여객대상으로 하여 운행되는 운송사업용 자동차를 말한다.',3,6,0,'20231019'),(1508,'20230418','가. ∼ 차. (생  략)',4,6,0,'20231019'),(1509,'20230418','24. ∼ 33. (생  략)',5,6,0,'20231019'),(1510,'20230418','<P><신  설></P>',6,6,0,'20231019'),(1511,'20230418','제44조(술에 취한 상태에서의 운전 금지) ① 누구든지 술에 취한 상태에서 자동차등(「건설기계관리법」 제26조제1항 단서에 따른 건설기계 외의 건설기계를 포함한다. 이하 이 조, 제45조, <P>제47조</P>, 제93조제1항제1호부터 제4호까지 및 제148조의2에서 같다), 노면전차 또는 자전거를 운전하여서는 아니 된다.',7,6,0,'20231019'),(1512,'20230418','② ∼ ⑤ (생  략)',8,6,0,'20231019'),(1513,'20230418','<P><신  설></P>',9,6,0,'20231019'),(1514,'20230418','제73조(교통안전교육) ① ∼ ⑤ (생  략)',10,6,0,'20231019'),(1515,'20230418','<P><신  설></P>',11,6,0,'20231019'),(1516,'20230418','<P><신  설></P>',12,6,0,'20231019'),(1517,'20230418','제82조(운전면허의 결격사유) ① (생  략)',13,6,0,'20231019'),(1518,'20230418','② 다음 각 호의 어느 하나의 경우에 해당하는 사람은 해당 각 호에 규정된 기간이 지나지 아니하면 운전면허를 받을 수 없다. 다만, 다음 각 호의 사유로 인하여 벌금 미만의 형이 확정되거나 선고유예의 판결이 확정된 경우 또는 기소유예나 「소년법」 제32조에 따른 보호처분의 결정이 있는 경우에는 각 호에 규정된 기간 내라도 운전면허를 받을 수 있다.',14,6,0,'20231019'),(1519,'20230418','1. ∼ 9. (생  략)',15,6,0,'20231019'),(1520,'20230418','<P><신  설></P>',16,6,0,'20231019'),(1521,'20230418','③ (생  략)',17,6,0,'20231019'),(1522,'20230418','<P><신  설></P>',18,6,0,'20231019'),(1523,'20230418','1. ∼ 20. (생  략)',20,6,0,'20231019'),(1524,'20230418','<P><신  설></P>',21,6,0,'20231019'),(1525,'20230418','<P><신  설></P>',22,6,0,'20231019'),(1526,'20230418','<P><신  설></P>',23,6,0,'20231019'),(1527,'20230418','② ∼ ④ (생  략)',24,6,0,'20231019'),(1528,'20230418','제147조(위임 및 위탁 등) ① ∼ ④ (생  략)',25,6,0,'20231019'),(1529,'20230418','⑤ 시ㆍ도경찰청장은 이 법에 따른 운전면허와 관련된 업무의 일부를 대통령령으로 정하는 바에 따라 공단으로 하여금 <P>대행하게</P> 할 수 있다.',26,6,0,'20231019'),(1530,'20230418','⑥ (생  략)',27,6,0,'20231019'),(1531,'20230418','<P><신  설></P>',28,6,0,'20231019'),(1532,'20230418','제152조(벌칙) 다음 각 호의 어느 하나에 해당하는 사람은 1년 이하의 징역이나 300만원 이하의 벌금에 처한다.',29,6,0,'20231019'),(1533,'20230418','1. (생  략)',30,6,0,'20231019'),(1534,'20230418','<P><신  설></P>',31,6,0,'20231019'),(1535,'20230418','2. ∼ 6. (생  략)',32,6,0,'20231019'),(1536,'20230418','제160조(과태료) ① 다음 각 호의 어느 하나에 해당하는 사람에게는 500만원 이하의 과태료를 부과한다.',33,6,0,'20231019'),(1537,'20230418','1. ∼ 8. (생  략)',34,6,0,'20231019'),(1538,'20230418','<P><신  설></P>',35,6,0,'20231019'),(1539,'20230418','② ∼ ④ (생  략)',36,6,0,'20231019'),(1540,'20230103','제2조(정의) 이 법에서 사용하는 용어의 뜻은 다음과 같다.',1,7,0,'20230704'),(1541,'20230103','1. ∼ 9. (생  략)',2,7,0,'20230704'),(1542,'20230103','10. “보도”(步道)란 연석선, 안전표지나 그와 비슷한 인공구조물로 경계를 표시하여 보행자(유모차, 보행보조용 의자차, 노약자용 보행기 등 행정안전부령으로 정하는 기구ㆍ장치를 이용하여 통행하는 <P>사람</P>을 포함한다. 이하 같다)가 통행할 수 있도록 한 도로의 부분을 말한다.',3,7,0,'20230704'),(1543,'20230103','11. ∼ 16. (생  략)',4,7,0,'20230704'),(1544,'20230103','17. “차마”란 다음 각 목의 차와 우마를 말한다.',5,7,0,'20230704'),(1545,'20230103','가. “차”란 다음의 어느 하나에 해당하는 것을 말한다.',6,7,0,'20230704'),(1546,'20230103','1) ∼ 4) (생  략)',7,7,0,'20230704'),(1547,'20230103','5) 사람 또는 가축의 힘이나 그 밖의 동력(動力)으로 도로에서 운전되는 것. 다만, 철길이나 가설(架設)된 선을 이용하여 운전되는 것, 유모차, 보행보조용 의자차, 노약자용 <P>보행기</P> 등 행정안전부령으로 정하는 기구ㆍ장치는 제외한다.',8,7,0,'20230704'),(1548,'20230103','나. (생  략)',9,7,0,'20230704'),(1549,'20230103','17의2. ∼ 18의3. (생  략)',10,7,0,'20230704'),(1550,'20230103','19. “원동기장치자전거”란 다음 각 목의 어느 하나에 해당하는 차를 말한다.',11,7,0,'20230704'),(1551,'20230103','가. (생  략)',12,7,0,'20230704'),(1552,'20230103','나. 그 밖에 배기량 125시시 이하(전기를 동력으로 하는 경우에는 최고정격출력 11킬로와트 이하)의 원동기를 단 차(「자전거 이용 활성화에 관한 법률」 제2조제1호의2에 따른 <P>전기자전거는</P> 제외한다)',13,7,0,'20230704'),(1553,'20230103','19의2. ∼ 21의2. (생  략)',14,7,0,'20230704'),(1554,'20230103','<P><신  설></P>',15,7,0,'20230704'),(1555,'20230103','22. ∼ 33. (생  략)',16,7,0,'20230704'),(1556,'20230103','<P><신  설></P>',17,7,0,'20230704'),(1557,'20230103','제12조<P>(어린이 보호구역의 지정 및 관리)</P> ① 시장등은 교통사고의 위험으로부터 어린이를 보호하기 위하여 필요하다고 인정하는 경우에는 다음 각 호의 어느 하나에 해당하는 시설이나 장소의 주변도로 가운데 일정 구간을 어린이 보호구역으로 지정하여 자동차등과 노면전차의 통행속도를 시속 30킬로미터 이내로 제한할 수 있다.',18,7,0,'20230704'),(1558,'20230103','1. ∼ 3. (생  략)',19,7,0,'20230704'),(1559,'20230103','4. 「초ㆍ중등교육법」 제60조의2 또는 제60조의3에 따른 외국인학교 또는 <P>대안학교</P>, 「제주특별자치도 설치 및 국제자유도시 조성을 위한 특별법」 제223조에 따른 국제학교 및 「경제자유구역 및 제주국제자유도시의 외국교육기관 설립ㆍ운영에 관한 특별법」 제2조제2호에 따른 외국교육기관 중 유치원ㆍ초등학교 교과과정이 있는 학교',20,7,0,'20230704'),(1560,'20230103','5. (생  략)',21,7,0,'20230704'),(1561,'20230103','② 제1항에 따른 어린이 보호구역의 <P>지정절차</P> 및 기준 등에 관하여 필요한 사항은 교육부, 행정안전부 및 국토교통부의 공동부령으로 정한다.',22,7,0,'20230704'),(1562,'20230103','③·④ (생  략)',23,7,0,'20230704'),(1563,'20230103','⑤ 시장등은 제1항에 따라 지정한 어린이 보호구역에 어린이의 안전을 위하여 다음 각 호에 따른 시설 또는 장비를 우선적으로 설치하거나 관할 도로관리청에 해당 시설 또는 장비의 설치를 요청하여야 한다.',24,7,0,'20230704'),(1564,'20230103','1. (생  략)',25,7,0,'20230704'),(1565,'20230103','2. 속도 <P>제한 및 횡단보도</P>에 관한 안전표지',26,7,0,'20230704'),(1566,'20230103','3.·4. (생  략)',27,7,0,'20230704'),(1567,'20230103','제12조의2<P>(노인 및 장애인 보호구역의 지정 및 관리)</P> ① (생  략)',28,7,0,'20230704'),(1568,'20230103','② 제1항에 따른 노인 보호구역 또는 장애인 보호구역의 <P>지정절차</P> 및 기준 등에 관하여 필요한 사항은 행정안전부, 보건복지부 및 국토교통부의 공동부령으로 정한다.',29,7,0,'20230704'),(1569,'20230103','③ (생  략)',30,7,0,'20230704'),(1570,'20230103','<P><신  설></P>',31,7,0,'20230704'),(1571,'20230103','제157조(벌칙) 다음 각 호의 어느 하나에 해당하는 사람은 20만원 이하의 벌금이나 구류 또는 과료에 처한다.',32,7,0,'20230704'),(1572,'20230103','1. 제5조, 제8조제1항, 제10조제2항부터 제5항까지의 규정을 위반한 <P>보행자</P>',33,7,0,'20230704'),(1573,'20230103','2. 제6조제1항ㆍ제2항ㆍ제4항 또는 제7조에 따른 금지ㆍ제한 또는 조치를 위반한 <P>보행자</P>',34,7,0,'20230704'),(1574,'20230103','<P><신  설></P>',35,7,0,'20230704'),(1575,'20230103','3.·4. (생  략)',36,7,0,'20230704'),(1576,'20211130','제2조(정의) 이 법에서 사용하는 용어의 뜻은 다음과 같다.',1,8,0,'20221201'),(1577,'20211130','1. ∼ 13. (생  략)',2,8,0,'20221201'),(1578,'20211130','<P><신  설></P>',3,8,0,'20221201'),(1579,'20211130','14. ∼ 25. (생  략)',4,8,0,'20221201'),(1580,'20211130','26. “운전”이란 도로(<P>제44조ㆍ제45조ㆍ제54조제1항ㆍ제148조ㆍ제148조의2</P> 및 제156조제10호의 경우에는 도로 외의 곳을 포함한다)에서 차마 또는 노면전차를 그 본래의 사용방법에 따라 사용하는 것(조종 또는 자율주행시스템을 사용하는 것을 포함한다)을 말한다.',5,8,0,'20221201'),(1581,'20211130','27. ∼ 31. (생  략)',6,8,0,'20221201'),(1582,'20211130','<P><신  설></P>',7,8,0,'20221201'),(1583,'20211130','32.·33. (생  략)',8,8,0,'20221201'),(1584,'20211130','제8조(보행자의 통행) ①·② (생  략)',9,8,0,'20221201'),(1585,'20211130','③ <P>보행자는 보도와 차도가 구분되지 아니한 도로 중 중앙선이 없는 도로(일방통행인 경우에는 차선으로 구분되지 아니한 도로에 한정한다. 이하 같다)에서는 도로의 전 부분으로 통행할 수 있다.</P> 이 경우 보행자는 고의로 차마의 진행을 방해하여서는 아니 된다.',10,8,0,'20221201'),(1586,'20211130','<P><신  설></P>',11,8,0,'20221201'),(1587,'20211130','<P><신  설></P>',12,8,0,'20221201'),(1588,'20211130','④ (생  략)',13,8,0,'20221201'),(1589,'20211130','<P><신  설></P>',14,8,0,'20221201'),(1590,'20211130','제27조(보행자의 보호) ① 모든 차 또는 노면전차의 운전자는 보행자(제13조의2제6항에 따라 자전거등에서 내려서 자전거등을 끌거나 들고 통행하는 자전거등의 운전자를 포함한다)가 횡단보도를 통행하고 <P>있을</P> 때에는 보행자의 횡단을 방해하거나 위험을 주지 아니하도록 그 횡단보도 앞(정지선이 설치되어 있는 곳에서는 그 정지선을 말한다)에서 일시정지하여야 한다.',15,8,0,'20221201'),(1591,'20211130','② ∼ ⑤ (생  략)',16,8,0,'20221201'),(1592,'20211130','⑥ 모든 차의 운전자는 <P>보도와 차도가 구분되지 아니한 도로 중 중앙선이 없는 도로</P>에서 보행자의 옆을 지나는 경우에는 안전한 거리를 두고 서행하여야 하며, 보행자의 통행에 방해가 될 때에는 서행하거나 일시정지하여 보행자가 안전하게 통행할 수 있도록 하여야 한다.',17,8,0,'20221201'),(1593,'20211130','<P><신  설></P>',18,8,0,'20221201'),(1594,'20211130','<P><신  설></P>',19,8,0,'20221201'),(1595,'20211130','<P><신  설></P>',20,8,0,'20221201'),(1596,'20211130','<P><신  설></P>',21,8,0,'20221201'),(1597,'20211130','<P><신  설></P>',22,8,0,'20221201'),(1598,'20211130','제38조(차의 신호) ① 모든 차의 운전자는 좌회전ㆍ우회전ㆍ횡단ㆍ유턴ㆍ서행ㆍ정지 또는 후진을 하거나 같은 방향으로 진행하면서 진로를 바꾸려고 하는 <P>경우</P>에는 손이나 방향지시기 또는 등화로써 그 행위가 끝날 때까지 신호를 하여야 한다.',23,8,0,'20221201'),(1599,'20211130','② (생  략)',24,8,0,'20221201'),(1600,'20211130','제82조(운전면허의 결격사유) ① (생  략)',25,8,0,'20221201'),(1601,'20211130','② 다음 각 호의 어느 하나의 경우에 해당하는 사람은 해당 각 호에 규정된 기간이 지나지 아니하면 운전면허를 받을 수 없다. 다만, 다음 각 호의 사유로 인하여 벌금 미만의 형이 확정되거나 선고유예의 판결이 확정된 경우 또는 기소유예나 「소년법」 제32조에 따른 보호처분의 결정이 있는 경우에는 각 호에 규정된 기간 내라도 운전면허를 받을 수 있다.',26,8,0,'20221201'),(1602,'20211130','1. ∼ 6. (생  략)',27,8,0,'20221201'),(1603,'20211130','7. 제1호부터 제6호까지의 규정에 따른 경우가 아닌 다른 사유로 운전면허가 취소된 경우에는 운전면허가 취소된 날부터 1년(원동기장치자전거면허를 받으려는 경우에는 6개월로 하되, 제46조를 위반하여 운전면허가 취소된 경우에는 1년). 다만, 제93조제1항제9호의 사유로 운전면허가 <P>취소된 사람 또는 제1종 운전면허를 받은 사람이 적성검사에 불합격되어 다시 제2종 운전면허를 받으려는</P> 경우에는 그러하지 아니하다.',28,8,0,'20221201'),(1604,'20211130','8.·9. (생  략)',29,8,0,'20221201'),(1605,'20211130','③ (생  략)',30,8,0,'20221201'),(1606,'20211130','제156조(벌칙) 다음 각 호의 어느 하나에 해당하는 사람은 20만원 이하의 벌금이나 구류 또는 과료(科料)에 처한다.',31,8,0,'20221201'),(1607,'20211130','2. ∼ 13. (생  략)',33,8,0,'20221201'),(1608,'20211130','제160조(과태료) ①·② (생  략)',34,8,0,'20221201'),(1609,'20211130','1.·2. (생  략)',36,8,0,'20221201'),(1610,'20211130','④ (생  략)',37,8,0,'20221201'),(1611,'20220111','제4조의2(무인 교통단속용 장비의 설치 및 관리) ① (생  략)',1,9,0,'20220712'),(1612,'20220111','<P>② 무인 교통단속용 장비의 철거 또는 원상회복 등에 관하여는 제3조제4항부터 제6항까지의 규정을 준용한다. 이 경우 “교통안전시설”은 “무인 교통단속용 장비”로 본다.</P>',2,9,0,'20220712'),(1613,'20220111','<P><신  설></P>',3,9,0,'20220712'),(1614,'20220111','<P><신  설></P>',4,9,0,'20220712'),(1615,'20220111','제12조의2(노인 및 장애인 보호구역의 지정 및 관리) ① 시장등은 교통사고의 위험으로부터 노인 또는 장애인을 보호하기 위하여 필요하다고 인정하는 경우에는 제1호부터 제3호까지 및 <P>제3호의2에 따른 시설</P>의 주변도로 가운데 일정 구간을 노인 보호구역으로, 제4호에 따른 시설의 주변도로 가운데 일정 구간을 장애인 보호구역으로 각각 지정하여 차마와 노면전차의 통행을 제한하거나 금지하는 등 필요한 조치를 할 수 있다.',5,9,0,'20220712'),(1616,'20220111','1. ∼ 3. (생  략)',6,9,0,'20220712'),(1617,'20220111','3의2. 그 밖에 노인이 자주 왕래하는 곳으로서 조례로 정하는 <P>시설</P>',7,9,0,'20220712'),(1618,'20220111','4. (생  략)',8,9,0,'20220712'),(1619,'20220111','②·③ (생  략)',9,9,0,'20220712'),(1620,'20220111','<P><신  설></P>',10,9,0,'20220712'),(1621,'20220111','제44조(술에 취한 상태에서의 운전 금지) ① ∼ ④ (생  략)',11,9,0,'20220712'),(1622,'20220111','<P><신  설></P>',12,9,0,'20220712'),(1623,'20220111','제148조의2(벌칙) <P>① 제44조제1항 또는 제2항을 2회 이상 위반한 사람(자동차등 또는 노면전차를 운전한 사람으로 한정한다. 다만, 개인형 이동장치를 운전하는 경우는 제외한다. 이하 이 조에서 같다)은 2년 이상 5년 이하의 징역이나 1천만원 이상 2천만원 이하의 벌금에 처한다.</P>',13,9,0,'20220712'),(1624,'20220111','② 술에 취한 상태에 있다고 인정할 만한 상당한 이유가 있는 사람으로서 제44조제2항에 따른 경찰공무원의 측정에 응하지 아니하는 사람(자동차등 또는 노면전차를 <P>운전하는 사람으로</P> 한정한다)은 1년 이상 5년 이하의 징역이나 500만원 이상 2천만원 이하의 벌금에 처한다.',14,9,0,'20220712'),(1625,'20220111','③·④ (생  략)',15,9,0,'20220712'),(1626,'20210112','제2조(정의) 이 법에서 사용하는 용어의 뜻은 다음과 같다.',1,10,0,'20210513'),(1627,'20210112','1. ∼ 9. (생  략)',2,10,0,'20210513'),(1628,'20210112','10. “보도”(步道)란 연석선, 안전표지나 그와 비슷한 인공구조물로 경계를 표시하여 <P>보행자(유모차와</P> 행정안전부령으로 정하는 <P>보행보조용 의자차를</P> 포함한다. 이하 같다)가 통행할 수 있도록 한 도로의 부분을 말한다.',3,10,0,'20210513'),(1629,'20210112','11. ∼ 16. (생  략)',4,10,0,'20210513'),(1630,'20210112','17. “차마”란 다음 각 목의 차와 우마를 말한다.',5,10,0,'20210513'),(1631,'20210112','가. “차”란 다음의 어느 하나에 해당하는 것을 말한다.',6,10,0,'20210513'),(1632,'20210112','1) ∼ 4) (생  략)',7,10,0,'20210513'),(1633,'20210112','5) 사람 또는 가축의 힘이나 그 밖의 동력(動力)으로 도로에서 운전되는 것. 다만, 철길이나 가설(架設)된 선을 이용하여 운전되는 것, <P>유모차와</P> 행정안전부령으로 정하는 <P>보행보조용 의자차</P>는 제외한다.',8,10,0,'20210513'),(1634,'20210112','나. (생  략)',9,10,0,'20210513'),(1635,'20210112','17의2.·18. (생  략)',10,10,0,'20210513'),(1636,'20210112','<P><신  설></P>',11,10,0,'20210513'),(1637,'20210112','<P><신  설></P>',12,10,0,'20210513'),(1638,'20210112','19. ∼ 25. (생  략)',13,10,0,'20210513'),(1639,'20210112','26. “운전”이란 도로(제44조ㆍ제45조ㆍ제54조제1항ㆍ제148조ㆍ제148조의2 및 제156조제10호의 경우에는 도로 외의 곳을 포함한다)에서 차마 또는 노면전차를 그 본래의 사용방법에 따라 사용하는 <P>것(조종</P>을 포함한다)을 말한다.',14,10,0,'20210513'),(1640,'20210112','27. ∼ 33. (생  략)',15,10,0,'20210513'),(1641,'20210112','제8조(보행자의 통행) ① (생  략)',16,10,0,'20210513'),(1642,'20210112','② 보행자는 보도와 차도가 구분되지 아니한 <P>도로에서는 차마와 마주보는 방향의</P> 길가장자리 또는 길가장자리구역으로 통행하여야 한다.<P> 다만, 도로의 통행방향이 일방통행인 경우에는 차마를 마주보지 아니하고 통행할 수 있다.</P>',17,10,0,'20210513'),(1643,'20210112','<P>③ 보행자는 보도에서는 우측통행을 원칙으로 한다.</P>',18,10,0,'20210513'),(1644,'20210112','<P><신  설></P>',19,10,0,'20210513'),(1645,'20210112','제12조(어린이 보호구역의 지정 및 관리) ① 시장등은 교통사고의 위험으로부터 어린이를 보호하기 위하여 필요하다고 인정하는 경우에는 다음 각 호의 어느 하나에 해당하는 <P>시설</P>의 주변도로 가운데 일정 구간을 어린이 보호구역으로 지정하여 자동차등과 노면전차의 통행속도를 시속 30킬로미터 이내로 제한할 수 있다.',20,10,0,'20210513'),(1646,'20210112','1. ∼ 4. (생  략)',21,10,0,'20210513'),(1647,'20210112','<P><신  설></P>',22,10,0,'20210513'),(1648,'20210112','② ∼ ⑤ (생  략)',23,10,0,'20210513'),(1649,'20210112','제12조의2(노인 및 장애인 보호구역의 지정 및 관리) ① 시장등은 교통사고의 위험으로부터 노인 또는 장애인을 보호하기 위하여 필요하다고 인정하는 경우에는 제1호부터 제3호까지 및 제3호의2에 따른 시설의 주변도로 가운데 일정 구간을 노인 보호구역으로, 제4호에 따른 시설의 주변도로 가운데 일정 구간을 장애인 보호구역으로 각각 지정하여 차마와 노면전차의 통행을 제한하거나 금지하는 등 필요한 조치를 할 수 있다.',24,10,0,'20210513'),(1650,'20210112','<P>1. 「노인복지법」 제31조에 따른 노인복지시설 중 행정안전부령으로 정하는 시설</P>',25,10,0,'20210513'),(1651,'20210112','2. ∼ 3의2. (생  략)',26,10,0,'20210513'),(1652,'20210112','<P>4. 「장애인복지법」 제58조에 따른 장애인복지시설 중 행정안전부령으로 정하는 시설</P>',27,10,0,'20210513'),(1653,'20210112','②·③ (생  략)',28,10,0,'20210513'),(1654,'20210112','제27조(보행자의 보호) ① ∼ ⑤ (생  략)',29,10,0,'20210513'),(1655,'20210112','<P><신  설></P>',30,10,0,'20210513'),(1656,'20210112','제49조(모든 운전자의 준수사항 등) ① 모든 차 또는 노면전차의 운전자는 다음 각 호의 사항을 지켜야 한다.',31,10,0,'20210513'),(1657,'20210112','1. ∼ 3. (생  략)',32,10,0,'20210513'),(1658,'20210112','4. 교통단속용 장비의 기능을 방해하는 장치를 한 차나 그 밖에 안전운전에 지장을 줄 수 있는 것으로서 행정안전부령으로 정하는 기준에 적합하지 아니한 장치를 한 차를 운전하지 아니할 것. <P>다만, 「자동차관리법」 제2조제1호의3에 따른</P> 자율주행자동차의 신기술 개발을 위한 장치를 장착하는 경우에는 그러하지 아니하다.',33,10,0,'20210513'),(1659,'20210112','5. ∼ 13. (생  략)',34,10,0,'20210513'),(1660,'20210112','② (생  략)',35,10,0,'20210513'),(1661,'20210112','<P><신  설></P>',36,10,0,'20210513'),(1662,'20210112','제82조(운전면허의 결격사유) ① (생  략)',37,10,0,'20210513'),(1663,'20210112','② 다음 각 호의 어느 하나의 경우에 해당하는 사람은 해당 각 호에 규정된 기간이 지나지 아니하면 운전면허를 받을 수 없다. 다만, 다음 각 호의 사유로 인하여 벌금 미만의 형이 확정되거나 선고유예의 판결이 확정된 경우 또는 기소유예나 「소년법」 제32조에 따른 보호처분의 결정이 있는 경우에는 각 호에 규정된 기간 내라도 운전면허를 받을 수 있다.',38,10,0,'20210513'),(1664,'20210112','1. ∼ 8. (생  략)',39,10,0,'20210513'),(1665,'20210112','<P><신  설></P>',40,10,0,'20210513'),(1666,'20210112','③ (생  략)',41,10,0,'20210513'),(1667,'20210112','제84조(운전면허시험의 면제) ①·② (생  략)',42,10,0,'20210513'),(1668,'20210112','③ 도로교통공단은 제1항제3호 및 제2항에 따라 외국면허증을 가진 사람에게 운전면허시험의 일부를 면제하고 국내운전면허증을 발급하는 경우에는 <P>그 사람의 외국면허증을 회수하여야 한다</P>. 이 경우 그 외국면허증을 발급한 국가의 관계 기관의 요청이 있는 경우에는 그 외국면허증을 해당 국가에 송부할 수 있다.',43,10,0,'20210513'),(1669,'20210112','제88조(수시 적성검사) ① 제1종 운전면허 또는 제2종 운전면허를 받은 사람(제96조제1항에 따른 <P>국제운전면허증</P>을 받은 사람을 포함한다)이 안전운전에 장애가 되는 후천적 신체장애 등 대통령령으로 정하는 사유에 해당되는 경우에는 도로교통공단이 실시하는 수시(隨時) 적성검사를 받아야 한다.',44,10,0,'20210513'),(1670,'20210112','② (생  략)',45,10,0,'20210513'),(1671,'20210112','제92조(운전면허증 휴대 및 제시 등의 의무) ① 자동차등을 운전할 때에는 다음 각 호의 어느 하나에 해당하는 운전면허증 등을 지니고 있어야 한다.',46,10,0,'20210513'),(1672,'20210112','1. 운전면허증, 제96조제1항에 따른 <P>국제운전면허증</P>이나 「건설기계관리법」에 따른 건설기계조종사면허증(이하 “운전면허증등”이라 한다)',47,10,0,'20210513'),(1673,'20210112','2. (생  략)',48,10,0,'20210513'),(1674,'20210112','② (생  략)',49,10,0,'20210513'),(1675,'20210112','1.·2. (생  략)',51,10,0,'20210513'),(1676,'20210112','3. 우리나라와 외국 간에 <P>국제운전면허를</P> 상호 인정하는 협약, 협정 또는 약정',52,10,0,'20210513'),(1677,'20210112','<P><신  설></P>',53,10,0,'20210513'),(1678,'20210112','② 국제운전면허증을 외국에서 <P>발급받은</P> 사람은 「여객자동차 운수사업법」 또는 「화물자동차 운수사업법」에 따른 사업용 자동차를 운전할 수 없다. 다만, 「여객자동차 운수사업법」에 따른 대여사업용 자동차를 임차(賃借)하여 운전하는 경우에는 그러하지 아니하다.',54,10,0,'20210513'),(1679,'20210112','③ (생  략)',55,10,0,'20210513'),(1680,'20210112','제97조(자동차등의 운전 금지) ① 제96조에 따라 <P>국제운전면허증</P>을 가지고 국내에서 자동차등을 운전하는 사람이 다음 각 호의 어느 하나에 해당하는 경우에는 그 사람의 주소지를 관할하는 시ㆍ도경찰청장은 행정안전부령으로 정한 기준에 따라 1년을 넘지 아니하는 범위에서 <P>국제운전면허증</P>에 의한 자동차등의 운전을 금지할 수 있다.',56,10,0,'20210513'),(1681,'20210112','1. ∼ 4. (생  략)',57,10,0,'20210513'),(1682,'20210112','② 제1항에 따라 자동차등의 운전이 금지된 사람은 지체 없이 <P>국제운전면허증</P>에 의한 운전을 금지한 시ㆍ도경찰청장에게 그 <P>국제운전면허증</P>을 제출하여야 한다.',58,10,0,'20210513'),(1683,'20210112','③ 시ㆍ도경찰청장은 제1항에 따른 금지기간이 끝난 경우 또는 금지처분을 받은 사람이 그 금지기간 중에 출국하는 경우에는 그 사람의 반환청구가 있으면 지체 없이 보관 중인 <P>국제운전면허증</P>을 돌려주어야 한다.',59,10,0,'20210513'),(1684,'20210112','제138조(운전면허증등의 보관) ① 경찰공무원은 자동차등의 운전자가 다음 각 호의 어느 하나에 해당하는 경우에는 현장에서 제164조에 따른 범칙금 납부통고서 또는 출석지시서를 발급하고, 운전면허증등의 제출을 요구하여 이를 보관할 수 있다. 이 경우 그 범칙금 납부통고서 또는 출석지시서에 운전면허증등의 보관 사실을 기록하여야 한다.',60,10,0,'20210513'),(1685,'20210112','1.·2. (생  략)',61,10,0,'20210513'),(1686,'20210112','3. 제96조에 따라 외국에서 발급한 <P>국제운전면허증</P>을 가진 사람으로서 제162조제1항에 따른 범칙행위를 한 경우',62,10,0,'20210513'),(1687,'20210112','②·③ (생  략)',63,10,0,'20210513'),(1688,'20210112','제152조(벌칙) 다음 각 호의 어느 하나에 해당하는 사람은 1년 이하의 징역이나 300만원 이하의 벌금에 처한다.',64,10,0,'20210513'),(1689,'20210112','1. 제43조를 위반하여 제80조에 따른 운전면허(원동기장치자전거면허는 제외한다. 이하 이 조에서 같다)를 받지 아니하거나(운전면허의 효력이 정지된 경우를 포함한다) 또는 제96조에 따른 <P>국제운전면허증</P>을 받지 아니하고(운전이 금지된 경우와 유효기간이 지난 경우를 포함한다) 자동차를 운전한 사람',65,10,0,'20210513'),(1690,'20210112','2. ∼ 6. (생  략)',66,10,0,'20210513'),(1691,'20210112','제154조(벌칙) 다음 각 호의 어느 하나에 해당하는 사람은 30만원 이하의 벌금이나 구류에 처한다.',67,10,0,'20210513'),(1692,'20210112','1. (생  략)',68,10,0,'20210513'),(1693,'20210112','2. 제43조를 위반하여 제80조에 따른 원동기장치자전거를 운전할 수 있는 운전면허를 받지 아니하거나(원동기장치자전거를 운전할 수 있는 운전면허의 효력이 정지된 경우를 포함한다) <P>국제운전면허증</P> 중 원동기장치자전거를 운전할 수 있는 것으로 기재된 <P>국제운전면허증</P>을 발급받지 아니하고(운전이 금지된 경우와 유효기간이 지난 경우를 포함한다) 원동기장치자전거를 운전한 사람(다만, 개인형 이동장치를 운전하는 경우는 제외한다)',69,10,0,'20210513'),(1694,'20210112','3. ∼ 4. (생  략)',70,10,0,'20210513'),(1695,'20210112','5. 제56조제2항을 위반하여 원동기장치자전거를 운전할 수 있는 운전면허를 받지 아니하거나(원동기장치자전거를 운전할 수 있는 운전면허의 효력이 정지된 경우를 포함한다) <P>국제운전면허증</P> 중 원동기장치자전거를 운전할 수 있는 것으로 기재된 <P>국제운전면허증</P>을 발급받지 아니한 사람(운전이 금지된 경우와 유효기간이 지난 경우를 포함한다)에게 원동기장치자전거를 운전하도록 시킨 고용주등',71,10,0,'20210513'),(1696,'20210112','6. ∼ 9. (생  략)',72,10,0,'20210513'),(1697,'20210112','제156조(벌칙) 다음 각 호의 어느 하나에 해당하는 사람은 20만원 이하의 벌금이나 구류 또는 과료(科料)에 처한다.',73,10,0,'20210513'),(1698,'20210112','1. ∼ 6. (생  략)',74,10,0,'20210513'),(1699,'20210112','<P><신  설></P>',75,10,0,'20210513'),(1700,'20210112','7. ∼ 12. (생  략)',76,10,0,'20210513'),(1701,'20210112','13. 제43조를 위반하여 제80조에 따른 원동기장치자전거를 운전할 수 있는 운전면허를 받지 아니하거나(원동기장치자전거를 운전할 수 있는 운전면허의 효력이 정지된 경우를 포함한다) <P>국제운전면허증</P> 중 원동기장치자전거를 운전할 수 있는 것으로 기재된 <P>국제운전면허증</P>을 발급받지 아니하고(운전이 금지된 경우와 유효기간이 지난 경우를 포함한다) 개인형 이동장치를 운전한 사람',77,10,0,'20210513'),(1702,'20201020','제2조(정의) 이 법에서 사용하는 용어의 뜻은 다음과 같다.',1,11,0,'20210421'),(1703,'20201020','1. ∼ 31. (생  략)',2,11,0,'20210421'),(1704,'20201020','32. “자동차운전학원”이란 자동차등의 운전에 관한 지식ㆍ기능을 교육하는 시설로서 다음 각 목의 시설 외의 시설을 말한다.',3,11,0,'20210421'),(1705,'20201020','가. ∼ 다. (생  략)',4,11,0,'20210421'),(1706,'20201020','라. 지방자치단체 등이 신체장애인의 운전교육을 위하여 설치하는 시설 가운데 <P>지방경찰청장</P>이 인정하는 시설',5,11,0,'20210421'),(1707,'20201020','마.·바. (생  략)',6,11,0,'20210421'),(1708,'20201020','33. (생  략)',7,11,0,'20210421'),(1709,'20201020','제4조의2(무인 교통단속용 장비의 설치 및 관리) ① <P>지방경찰청장</P>, 경찰서장 또는 시장등은 이 법을 위반한 사실을 기록ㆍ증명하기 위하여 무인(無人) 교통단속용 장비를 설치ㆍ관리할 수 있다.',8,11,0,'20210421'),(1710,'20201020','② (생  략)',9,11,0,'20210421'),(1711,'20201020','제5조(신호 또는 지시에 따를 의무) ① 도로를 통행하는 보행자, 차마 또는 노면전차의 운전자는 교통안전시설이 표시하는 신호 또는 지시와 다음 각 호의 어느 하나에 해당하는 사람이 하는 신호 또는 지시를 따라야 한다.',10,11,0,'20210421'),(1712,'20201020','1. 교통정리를 하는 <P>국가경찰공무원</P>(의무경찰을 포함한다. 이하 같다) 및 제주특별자치도의 자치경찰공무원(이하 “자치경찰공무원”이라 한다)',11,11,0,'20210421'),(1713,'20201020','2. <P>국가경찰공무원 및 자치경찰공무원(이하 “경찰공무원”이라 한다)</P>을 보조하는 사람으로서 대통령령으로 정하는 사람(이하 “경찰보조자”라 한다)',12,11,0,'20210421'),(1714,'20201020','② 도로를 통행하는 보행자, 차마 또는 노면전차의 운전자는 제1항에 따른 교통안전시설이 표시하는 신호 또는 지시와 교통정리를 하는 <P>국가경찰공무원ㆍ자치경찰공무원</P> 또는 경찰보조자(이하 “경찰공무원등”이라 한다)의 신호 또는 지시가 서로 다른 경우에는 경찰공무원등의 신호 또는 지시에 따라야 한다.',13,11,0,'20210421'),(1715,'20201020','제6조(통행의 금지 및 제한) ① <P>지방경찰청장</P>은 도로에서의 위험을 방지하고 교통의 안전과 원활한 소통을 확보하기 위하여 필요하다고 인정할 때에는 구간(區間)을 정하여 보행자, 차마 또는 노면전차의 통행을 금지하거나 제한할 수 있다. 이 경우 <P>지방경찰청장</P>은 보행자, 차마 또는 노면전차의 통행을 금지하거나 제한한 도로의 관리청에 그 사실을 알려야 한다.',14,11,0,'20210421'),(1716,'20201020','② (생  략)',15,11,0,'20210421'),(1717,'20201020','③ <P>지방경찰청장</P>이나 경찰서장은 제1항이나 제2항에 따른 금지 또는 제한을 하려는 경우에는 행정안전부령으로 정하는 바에 따라 그 사실을 공고하여야 한다.',16,11,0,'20210421'),(1718,'20201020','④ (생  략)',17,11,0,'20210421'),(1719,'20201020','제10조(도로의 횡단) ① <P>지방경찰청장</P>은 도로를 횡단하는 보행자의 안전을 위하여 행정안전부령으로 정하는 기준에 따라 횡단보도를 설치할 수 있다.',18,11,0,'20210421'),(1720,'20201020','② ∼ ⑤ (생  략)',19,11,0,'20210421'),(1721,'20201020','제12조(어린이 보호구역의 지정 및 관리) ① ∼ ③ (생  략)',20,11,0,'20210421'),(1722,'20201020','④ <P>지방경찰청장</P>, 경찰서장 또는 시장등은 제3항을 위반하는 행위 등의 단속을 위하여 어린이 보호구역의 도로 중에서 행정안전부령으로 정하는 곳에 우선적으로 제4조의2에 따른 무인 교통단속용 장비를 설치하여야 한다.',21,11,0,'20210421'),(1723,'20201020','⑤ (생  략)',22,11,0,'20210421'),(1724,'20201020','제13조(차마의 통행) ① ∼ ③ (생  략)',23,11,0,'20210421'),(1725,'20201020','④ 차마의 운전자는 제3항에도 불구하고 다음 각 호의 어느 하나에 해당하는 경우에는 도로의 중앙이나 좌측 부분을 통행할 수 있다.',24,11,0,'20210421'),(1726,'20201020','1. ∼ 4. (생  략)',25,11,0,'20210421'),(1727,'20201020','5. 가파른 비탈길의 구부러진 곳에서 교통의 위험을 방지하기 위하여 <P>지방경찰청장</P>이 필요하다고 인정하여 구간 및 통행방법을 지정하고 있는 경우에 그 지정에 따라 통행하는 경우',26,11,0,'20210421'),(1728,'20201020','⑤·⑥ (생  략)',27,11,0,'20210421'),(1729,'20201020','제14조(차로의 설치 등) ① <P>지방경찰청장</P>은 차마의 교통을 원활하게 하기 위하여 필요한 경우에는 도로에 행정안전부령으로 정하는 차로를 설치할 수 있다. 이 경우 <P>지방경찰청장</P>은 시간대에 따라 양방향의 통행량이 뚜렷하게 다른 도로에는 교통량이 많은 쪽으로 차로의 수가 확대될 수 있도록 신호기에 의하여 차로의 진행방향을 지시하는 가변차로를 설치할 수 있다.',28,11,0,'20210421'),(1730,'20201020','② 차마의 운전자는 차로가 설치되어 있는 도로에서는 이 법이나 이 법에 따른 명령에 특별한 규정이 있는 경우를 제외하고는 그 차로를 따라 통행하여야 한다. 다만, <P>지방경찰청장</P>이 통행방법을 따로 지정한 경우에는 그 방법으로 통행하여야 한다.',29,11,0,'20210421'),(1731,'20201020','③ ∼ ⑤ (생  략)',30,11,0,'20210421'),(1732,'20201020','제15조(전용차로의 설치) ① 시장등은 원활한 교통을 확보하기 위하여 특히 필요한 경우에는 <P>지방경찰청장</P>이나 경찰서장과 협의하여 도로에 전용차로(차의 종류나 승차 인원에 따라 지정된 차만 통행할 수 있는 차로를 말한다. 이하 같다)를 설치할 수 있다.',31,11,0,'20210421'),(1733,'20201020','②·③ (생  략)',32,11,0,'20210421'),(1734,'20201020','제15조의2(자전거횡단도의 설치 등) ① <P>지방경찰청장</P>은 도로를 횡단하는 자전거 운전자의 안전을 위하여 행정안전부령으로 정하는 기준에 따라 자전거횡단도를 설치할 수 있다.',33,11,0,'20210421'),(1735,'20201020','②·③ (생  략)',34,11,0,'20210421'),(1736,'20201020','제16조(노면전차 전용로의 설치 등) ① 시장등은 교통을 원활하게 하기 위하여 노면전차 전용도로 또는 전용차로를 설치하려는 경우에는 「도시철도법」 제7조제1항에 따른 도시철도사업계획의 승인 전에 다음 각 호의 사항에 대하여 <P>지방경찰청장</P>과 협의하여야 한다. 사업 계획을 변경하려는 경우에도 또한 같다.',35,11,0,'20210421'),(1737,'20201020','1. ∼ 3. (생  략)',36,11,0,'20210421'),(1738,'20201020','② (생  략)',37,11,0,'20210421'),(1739,'20201020','제17조(자동차등과 노면전차의 속도) ① (생  략)',38,11,0,'20210421'),(1740,'20201020','② 경찰청장이나 <P>지방경찰청장</P>은 도로에서 일어나는 위험을 방지하고 교통의 안전과 원활한 소통을 확보하기 위하여 필요하다고 인정하는 경우에는 다음 각 호의 구분에 따라 구역이나 구간을 지정하여 제1항에 따라 정한 속도를 제한할 수 있다.',39,11,0,'20210421'),(1741,'20201020','1. (생  략)',40,11,0,'20210421'),(1742,'20201020','2. <P>지방경찰청장:</P> 고속도로를 제외한 도로',41,11,0,'20210421'),(1743,'20201020','③ (생  략)',42,11,0,'20210421'),(1744,'20201020','제18조(횡단 등의 금지) ① (생  략)',43,11,0,'20210421'),(1745,'20201020','② <P>지방경찰청장</P>은 도로에서의 위험을 방지하고 교통의 안전과 원활한 소통을 확보하기 위하여 특히 필요하다고 인정하는 경우에는 도로의 구간을 지정하여 차마의 횡단이나 유턴 또는 후진을 금지할 수 있다.',44,11,0,'20210421'),(1746,'20201020','③ (생  략)',45,11,0,'20210421'),(1747,'20201020','제22조(앞지르기 금지의 시기 및 장소) ①·② (생  략)',46,11,0,'20210421'),(1748,'20201020','③ 모든 차의 운전자는 다음 각 호의 어느 하나에 해당하는 곳에서는 다른 차를 앞지르지 못한다.',47,11,0,'20210421'),(1749,'20201020','1. ∼ 3. (생  략)',48,11,0,'20210421'),(1750,'20201020','4. 도로의 구부러진 곳, 비탈길의 고갯마루 부근 또는 가파른 비탈길의 내리막 등 <P>지방경찰청장</P>이 도로에서의 위험을 방지하고 교통의 안전과 원활한 소통을 확보하기 위하여 필요하다고 인정하는 곳으로서 안전표지로 지정한 곳',49,11,0,'20210421'),(1751,'20201020','제25조(교차로 통행방법) ① (생  략)',50,11,0,'20210421'),(1752,'20201020','② 모든 차의 운전자는 교차로에서 좌회전을 하려는 경우에는 미리 도로의 중앙선을 따라 서행하면서 교차로의 중심 안쪽을 이용하여 좌회전하여야 한다. 다만, <P>지방경찰청장</P>이 교차로의 상황에 따라 특히 필요하다고 인정하여 지정한 곳에서는 교차로의 중심 바깥쪽을 통과할 수 있다.',51,11,0,'20210421'),(1753,'20201020','③ ∼ ⑥ (생  략)',52,11,0,'20210421'),(1754,'20201020','제28조(보행자전용도로의 설치) ① <P>지방경찰청장</P>이나 경찰서장은 보행자의 통행을 보호하기 위하여 특히 필요한 경우에는 도로에 보행자전용도로를 설치할 수 있다.',53,11,0,'20210421'),(1755,'20201020','② 차마 또는 노면전차의 운전자는 제1항에 따른 보행자전용도로를 통행하여서는 아니 된다. 다만, <P>지방경찰청장</P>이나 경찰서장은 특히 필요하다고 인정하는 경우에는 보행자전용도로에 차마의 통행을 허용할 수 있다.',54,11,0,'20210421'),(1756,'20201020','③ (생  략)',55,11,0,'20210421'),(1757,'20201020','제31조(서행 또는 일시정지할 장소) ① 모든 차 또는 노면전차의 운전자는 다음 각 호의 어느 하나에 해당하는 곳에서는 서행하여야 한다.',56,11,0,'20210421'),(1758,'20201020','1. ∼ 4. (생  략)',57,11,0,'20210421'),(1759,'20201020','5. <P>지방경찰청장</P>이 도로에서의 위험을 방지하고 교통의 안전과 원활한 소통을 확보하기 위하여 필요하다고 인정하여 안전표지로 지정한 곳',58,11,0,'20210421'),(1760,'20201020','② 모든 차 또는 노면전차의 운전자는 다음 각 호의 어느 하나에 해당하는 곳에서는 일시정지하여야 한다.',59,11,0,'20210421'),(1761,'20201020','1. (생  략)',60,11,0,'20210421'),(1762,'20201020','2. <P>지방경찰청장</P>이 도로에서의 위험을 방지하고 교통의 안전과 원활한 소통을 확보하기 위하여 필요하다고 인정하여 안전표지로 지정한 곳',61,11,0,'20210421'),(1763,'20201020','제32조(정차 및 주차의 금지) 모든 차의 운전자는 다음 각 호의 어느 하나에 해당하는 곳에서는 차를 정차하거나 주차하여서는 아니 된다. 다만, 이 법이나 이 법에 따른 명령 또는 경찰공무원의 지시를 따르는 경우와 위험방지를 위하여 일시정지하는 경우에는 그러하지 아니하다.',62,11,0,'20210421'),(1764,'20201020','1. ∼ 6. (생  략)',63,11,0,'20210421'),(1765,'20201020','7. <P>지방경찰청장</P>이 도로에서의 위험을 방지하고 교통의 안전과 원활한 소통을 확보하기 위하여 필요하다고 인정하여 지정한 곳',64,11,0,'20210421'),(1766,'20201020','8. (생  략)',65,11,0,'20210421'),(1767,'20201020','제33조(주차금지의 장소) 모든 차의 운전자는 다음 각 호의 어느 하나에 해당하는 곳에 차를 주차해서는 아니 된다.',66,11,0,'20210421'),(1768,'20201020','1. (생  략)',67,11,0,'20210421'),(1769,'20201020','2. 다음 각 목의 곳으로부터 5미터 이내인 곳',68,11,0,'20210421'),(1770,'20201020','가. (생  략)',69,11,0,'20210421'),(1771,'20201020','<P>나. 「다중이용업소의 안전관리에 관한 특별법」에 따른 다중이용업소의 영업장이 속한 건축물로 소방본부장의 요청에 의하여 지방경찰청장이 지정한 곳</P>',70,11,0,'20210421'),(1772,'20201020','3. <P>지방경찰청장</P>이 도로에서의 위험을 방지하고 교통의 안전과 원활한 소통을 확보하기 위하여 필요하다고 인정하여 지정한 곳',71,11,0,'20210421'),(1773,'20201020','제34조의2(정차 또는 주차를 금지하는 장소의 특례) 제32조제7호ㆍ제8호 또는 제33조제3호에 따른 정차나 주차가 금지된 장소 중 <P>지방경찰청장</P>이 안전표지로 구역ㆍ시간ㆍ방법 및 차의 종류를 정하여 정차나 주차를 허용한 곳에서는 제32조제7호ㆍ제8호 또는 제33조제3호에도 불구하고 정차하거나 주차할 수 있다.',72,11,0,'20210421'),(1774,'20201020','제39조(승차 또는 적재의 방법과 제한) ① ∼ ⑤ (생  략)',73,11,0,'20210421'),(1775,'20201020','⑥ <P>지방경찰청장</P>은 도로에서의 위험을 방지하고 교통의 안전과 원활한 소통을 확보하기 위하여 필요하다고 인정하는 경우에는 차의 운전자에 대하여 승차 인원, 적재중량 또는 적재용량을 제한할 수 있다.',74,11,0,'20210421'),(1776,'20201020','제41조(정비불량차의 점검) ①·② (생  략)',75,11,0,'20210421'),(1777,'20201020','③ <P>지방경찰청장</P>은 제2항에도 불구하고 정비 상태가 매우 불량하여 위험발생의 우려가 있는 경우에는 그 차의 자동차등록증을 보관하고 운전의 일시정지를 명할 수 있다. 이 경우 필요하면 10일의 범위에서 정비기간을 정하여 그 차의 사용을 정지시킬 수 있다.',76,11,0,'20210421'),(1778,'20201020','④ (생  략)',77,11,0,'20210421'),(1779,'20201020','제43조(무면허운전 등의 금지) 누구든지 제80조에 따라 <P>지방경찰청장</P>으로부터 운전면허를 받지 아니하거나 운전면허의 효력이 정지된 경우에는 자동차등(개인형 이동장치는 제외한다)을 운전하여서는 아니 된다.',78,11,0,'20210421'),(1780,'20201020','제49조(모든 운전자의 준수사항 등) ① 모든 차 또는 노면전차의 운전자는 다음 각 호의 사항을 지켜야 한다.',79,11,0,'20210421'),(1781,'20201020','1. ∼ 12. (생  략)',80,11,0,'20210421'),(1782,'20201020','13. 그 밖에 <P>지방경찰청장</P>이 교통안전과 교통질서 유지에 필요하다고 인정하여 지정ㆍ공고한 사항에 따를 것',81,11,0,'20210421'),(1783,'20201020','② (생  략)',82,11,0,'20210421'),(1784,'20201020','제68조(도로에서의 금지행위 등) ①·② (생  략)',83,11,0,'20210421'),(1785,'20201020','③ 누구든지 다음 각 호의 어느 하나에 해당하는 행위를 하여서는 아니 된다.',84,11,0,'20210421'),(1786,'20201020','1. ∼ 6. (생  략)',85,11,0,'20210421'),(1787,'20201020','7. 그 밖에 <P>지방경찰청장</P>이 교통상의 위험을 방지하기 위하여 필요하다고 인정하여 지정ㆍ공고한 행위',86,11,0,'20210421'),(1788,'20201020','제73조(교통안전교육) ①·② (생  략)',87,11,0,'20210421'),(1789,'20201020','③ 다음 각 호의 어느 하나에 해당하는 사람이 <P>지방경찰청장</P>에게 신청하는 경우에는 대통령령으로 정하는 바에 따라 특별교통안전 권장교육을 받을 수 있다. 이 경우 권장교육을 받기 전 1년 이내에 해당 교육을 받지 아니한 사람에 한정한다.',88,11,0,'20210421'),(1790,'20201020','1. ∼ 4. (생  략)',89,11,0,'20210421'),(1791,'20201020','④·⑤ (생  략)',90,11,0,'20210421'),(1792,'20201020','제74조(교통안전교육기관의 지정 등) ① 제73조제1항에 따라 운전면허를 받으려는 사람이 받아야 하는 교통안전교육(이하 “교통안전교육”이라 한다)은 제104조제1항에 따른 자동차운전 전문학원과 제2항에 따라 <P>지방경찰청장</P>이 지정한 기관이나 시설에서 한다.',91,11,0,'20210421'),(1793,'20201020','② <P>지방경찰청장</P>은 교통안전교육을 하기 위하여 다음 각 호의 어느 하나에 해당하는 기관이나 시설이 대통령령으로 정하는 시설ㆍ설비 및 강사 등의 요건을 갖추어 신청하는 경우에는 해당 기관이나 시설을 교통안전교육을 하는 기관(이하 “교통안전교육기관”이라 한다)으로 지정할 수 있다.',92,11,0,'20210421'),(1794,'20201020','1. ∼ 4. (생  략)',93,11,0,'20210421'),(1795,'20201020','③ <P>지방경찰청장</P>은 제2항에 따라 교통안전교육기관을 지정한 경우에는 행정안전부령으로 정하는 지정증을 발급하여야 한다.',94,11,0,'20210421'),(1796,'20201020','④ <P>지방경찰청장</P>은 다음 각 호의 어느 하나에 해당하는 기관이나 시설을 교통안전교육기관으로 지정하여서는 아니 된다.',95,11,0,'20210421'),(1797,'20201020','1.·2. (생  략)',96,11,0,'20210421'),(1798,'20201020','제76조(교통안전교육강사의 자격기준 등) ① ∼ ④ (생  략)',97,11,0,'20210421'),(1799,'20201020','⑤ <P>지방경찰청장</P>은 도로교통 관련 법령이 개정되거나 효과적인 교통안전교육을 위하여 필요하다고 인정하면 교통안전교육강사를 대상으로 대통령령으로 정하는 바에 따라 연수교육을 할 수 있다.',98,11,0,'20210421'),(1800,'20201020','⑥ (생  략)',99,11,0,'20210421'),(1801,'20201020','제77조(교통안전교육의 수강 확인 등) ① (생  략)',100,11,0,'20210421'),(1802,'20201020','② 교통안전교육기관의 장은 제1항에 따른 보고를 받은 경우 대통령령으로 정하는 기준에 해당하는 교육을 받은 사람에게 교육확인증을 발급하고 지체 없이 관할 <P>지방경찰청장</P>에게 그 사실을 보고하여야 한다.',101,11,0,'20210421'),(1803,'20201020','제78조(교통안전교육기관 운영의 정지 또는 폐지의 신고) 교통안전교육기관의 장은 해당 교통안전교육기관의 운영을 1개월 이상 정지하거나 폐지하려면 정지 또는 폐지하려는 날의 7일 전까지 행정안전부령으로 정하는 바에 따라 <P>지방경찰청장</P>에게 신고하여야 한다.',102,11,0,'20210421'),(1804,'20201020','제79조(교통안전교육기관의 지정취소 등) ① <P>지방경찰청장</P>은 교통안전교육기관이 다음 각 호의 어느 하나에 해당할 때에는 행정안전부령으로 정하는 기준에 따라 지정을 취소하거나 1년 이내의 기간을 정하여 운영의 정지를 명할 수 있다. 다만, 제3호에 해당할 때에는 그 지정을 취소하여야 한다.',103,11,0,'20210421'),(1805,'20201020','1. ∼ 5. (생  략)',104,11,0,'20210421'),(1806,'20201020','② <P>지방경찰청장</P>은 교통안전교육기관이 제1항에 따른 운영정지 명령을 위반하여 계속 운영행위를 할 때에는 행정안전부령으로 정하는 기준에 따라 지정을 취소할 수 있다.',105,11,0,'20210421'),(1807,'20201020','제80조(운전면허) ① 자동차등을 운전하려는 사람은 <P>지방경찰청장</P>으로부터 운전면허를 받아야 한다. 다만, 제2조제19호나목의 원동기를 단 차 중 개인형 이동장치 또는 「교통약자의 이동편의 증진법」 제2조제1호에 따른 교통약자가 최고속도 시속 20킬로미터 이하로만 운행될 수 있는 차를 운전하는 경우에는 그러하지 아니하다.',106,11,0,'20210421'),(1808,'20201020','② <P>지방경찰청장</P>은 운전을 할 수 있는 차의 종류를 기준으로 다음 각 호와 같이 운전면허의 범위를 구분하고 관리하여야 한다. 이 경우 운전면허의 범위에 따라 운전할 수 있는 차의 종류는 행정안전부령으로 정한다.',107,11,0,'20210421'),(1809,'20201020','1. ∼ 3. (생  략)',108,11,0,'20210421'),(1810,'20201020','③ <P>지방경찰청장</P>은 운전면허를 받을 사람의 신체 상태 또는 운전 능력에 따라 행정안전부령으로 정하는 바에 따라 운전할 수 있는 자동차등(개인형 이동장치는 제외한다)의 구조를 한정하는 등 운전면허에 필요한 조건을 붙일 수 있다.',109,11,0,'20210421'),(1811,'20201020','④ <P>지방경찰청장</P>은 제87조 및 제88조에 따라 적성검사를 받은 사람의 신체 상태 또는 운전 능력에 따라 제3항에 따른 조건을 새로 붙이거나 바꿀 수 있다.',110,11,0,'20210421'),(1812,'20201020','제83조(운전면허시험 등) ① 운전면허시험(제1종 보통면허시험 및 제2종 보통면허시험은 제외한다)은 제120조에 따른 도로교통공단이 다음 각 호의 사항에 대하여 제80조제2항에 따른 운전면허의 구분에 따라 실시한다. 다만, 대통령령으로 정하는 운전면허시험은 대통령령으로 정하는 바에 따라 <P>지방경찰청장</P>이나 도로교통공단이 실시한다.',111,11,0,'20210421'),(1813,'20201020','1. ∼ 5. (생  략)',112,11,0,'20210421'),(1814,'20201020','② ∼ ⑤ (생  략)',113,11,0,'20210421'),(1815,'20201020','제84조의2(부정행위자에 대한 조치) ① 경찰청장은 제106조에 따른 전문학원의 강사자격시험 및 제107조에 따른 기능검정원 자격시험에서, <P>지방경찰청장</P> 또는 도로교통공단은 제83조에 따른 운전면허시험에서 부정행위를 한 사람에 대하여는 해당 시험을 각각 무효로 처리한다.',114,11,0,'20210421'),(1816,'20201020','② (생  략)',115,11,0,'20210421'),(1817,'20201020','제85조(운전면허증의 발급 등) ① (생  략)',116,11,0,'20210421'),(1818,'20201020','② <P>지방경찰청장</P>은 운전면허시험에 합격한 사람에 대하여 행정안전부령으로 정하는 운전면허증을 발급하여야 한다.',117,11,0,'20210421'),(1819,'20201020','③ <P>지방경찰청장</P>은 운전면허를 받은 사람이 다른 범위의 운전면허를 추가로 취득하는 경우에는 운전면허의 범위를 확대(기존에 받은 운전면허의 범위를 추가하는 것을 말한다)하여 운전면허증을 발급하여야 한다.',118,11,0,'20210421'),(1820,'20201020','④ <P>지방경찰청장</P>은 운전면허를 받은 사람이 운전면허의 범위를 축소(기존에 받은 운전면허의 범위에서 일부 범위를 삭제하는 것을 말한다)하기를 원하는 경우에는 운전면허의 범위를 축소하여 운전면허증을 발급할 수 있다.',119,11,0,'20210421'),(1821,'20201020','⑤ (생  략)',120,11,0,'20210421'),(1822,'20201020','제86조(운전면허증의 재발급) 운전면허증을 잃어버렸거나 헐어 못 쓰게 되었을 때에는 행정안전부령으로 정하는 바에 따라 <P>지방경찰청장</P>에게 신청하여 다시 발급받을 수 있다.',121,11,0,'20210421'),(1823,'20201020','제87조(운전면허증의 갱신과 정기 적성검사) ① 운전면허를 받은 사람은 다음 각 호의 구분에 따른 기간 이내에 대통령령으로 정하는 바에 따라 <P>지방경찰청장</P>으로부터 운전면허증을 갱신하여 발급받아야 한다.',122,11,0,'20210421'),(1824,'20201020','1.·2. (생  략)',123,11,0,'20210421'),(1825,'20201020','② ∼ ④ (생  략)',124,11,0,'20210421'),(1826,'20201020','제87조의2(운전면허증 발급 대상자 본인 확인) ① <P>지방경찰청장</P>은 제85조제2항부터 제4항까지, 제86조 또는 제87조제1항에 따라 운전면허증을 발급(이하 이 조 및 제137조의2제2항에서 “운전면허증 발급”이라 한다)하려는 경우에는 운전면허증 발급을 받으려는 사람의 주민등록증이나 여권, 그 밖에 행정안전부령으로 정하는 신분증명서의 사진 등을 통하여 본인인지를 확인할 수 있다.',125,11,0,'20210421'),(1827,'20201020','② <P>지방경찰청장</P>은 제1항에 따른 방법으로 본인인지를 확인하기 어려운 경우에는 운전면허증 발급을 받으려는 사람의 동의를 받아 전자적 방법으로 지문정보를 대조하여 확인할 수 있다.',126,11,0,'20210421'),(1828,'20201020','③ <P>지방경찰청장</P>은 운전면허증 발급을 받으려는 사람이 제2항에 따른 본인 확인 절차를 따르지 아니하는 경우에는 운전면허증 발급을 거부할 수 있다.',127,11,0,'20210421'),(1829,'20201020','제91조(임시운전증명서) ① <P>지방경찰청장</P>은 다음 각 호의 어느 하나의 경우에 해당하는 사람이 임시운전증명서 발급을 신청하면 행정안전부령으로 정하는 바에 따라 임시운전증명서를 발급할 수 있다. 다만, 제2호의 경우에는 소지하고 있는 운전면허증에 행정안전부령으로 정하는 사항을 기재하여 발급함으로써 임시운전증명서 발급을 갈음할 수 있다.',128,11,0,'20210421'),(1830,'20201020','1. ∼ 3. (생  략)',129,11,0,'20210421'),(1831,'20201020','② (생  략)',130,11,0,'20210421'),(1832,'20201020','1. ∼ 19. (생  략)',132,11,0,'20210421'),(1833,'20201020','20. 운전면허를 받은 사람이 자신의 운전면허를 실효(失效)시킬 목적으로 <P>지방경찰청장</P>에게 자진하여 운전면허를 반납하는 경우. 다만, 실효시키려는 운전면허가 취소처분 또는 정지처분의 대상이거나 효력정지 기간 중인 경우는 제외한다.',133,11,0,'20210421'),(1834,'20201020','② <P>지방경찰청장</P>은 제1항에 따라 운전면허를 취소하거나 운전면허의 효력을 정지하려고 할 때 그 기준으로 활용하기 위하여 교통법규를 위반하거나 교통사고를 일으킨 사람에 대하여는 행정안전부령으로 정하는 바에 따라 위반 및 피해의 정도 등에 따라 벌점을 부과할 수 있으며, 그 벌점이 행정안전부령으로 정하는 기간 동안 일정한 점수를 초과하는 경우에는 행정안전부령으로 정하는 바에 따라 운전면허를 취소 또는 정지할 수 있다.',134,11,0,'20210421'),(1835,'20201020','③ <P>지방경찰청장</P>은 연습운전면허를 발급받은 사람이 운전 중 고의 또는 과실로 교통사고를 일으키거나 이 법이나 이 법에 따른 명령 또는 처분을 위반한 경우에는 연습운전면허를 취소하여야 한다. 다만, 본인에게 귀책사유(歸責事由)가 없는 경우 등 대통령령으로 정하는 경우에는 그러하지 아니하다.',135,11,0,'20210421'),(1836,'20201020','제94조(운전면허 처분에 대한 이의신청) ① 제93조제1항 또는 제2항에 따른 운전면허의 취소처분 또는 정지처분이나 같은 조 제3항에 따른 연습운전면허 취소처분에 대하여 이의(異議)가 있는 사람은 그 처분을 받은 날부터 60일 이내에 행정안전부령으로 정하는 바에 따라 <P>지방경찰청장</P>에게 이의를 신청할 수 있다.',137,11,0,'20210421'),(1837,'20201020','② <P>지방경찰청장</P>은 제1항에 따른 이의를 심의하기 위하여 행정안전부령으로 정하는 바에 따라 운전면허행정처분 이의심의위원회(이하 “이의심의위원회”라 한다)를 두어야 한다.',138,11,0,'20210421'),(1838,'20201020','③·④ (생  략)',139,11,0,'20210421'),(1839,'20201020','제95조(운전면허증의 반납) ① 운전면허증을 받은 사람이 다음 각 호의 어느 하나에 해당하면 그 사유가 발생한 날부터 7일 이내(제4호 및 제5호의 경우 새로운 운전면허증을 받기 위하여 운전면허증을 제출한 때)에 주소지를 관할하는 <P>지방경찰청장</P>에게 운전면허증을 반납하여야 한다.',140,11,0,'20210421'),(1840,'20201020','1. ∼ 5. (생  략)',141,11,0,'20210421'),(1841,'20201020','② (생  략)',142,11,0,'20210421'),(1842,'20201020','③ <P>지방경찰청장</P>이 제1항제2호에 따라 운전면허증을 반납받았거나 제2항에 따라 제1항제2호에 해당하는 사람으로부터 운전면허증을 회수하였을 때에는 이를 보관하였다가 정지기간이 끝난 즉시 돌려주어야 한다.',143,11,0,'20210421'),(1843,'20201020','제97조(자동차등의 운전 금지) ① 제96조에 따라 국제운전면허증을 가지고 국내에서 자동차등(개인형 이동장치는 제외한다. 이하 이 조에서 같다)을 운전하는 사람이 다음 각 호의 어느 하나에 해당하는 경우에는 그 사람의 주소지를 관할하는 <P>지방경찰청장</P>은 행정안전부령으로 정한 기준에 따라 1년을 넘지 아니하는 범위에서 국제운전면허증에 의한 자동차등의 운전을 금지할 수 있다.',144,11,0,'20210421'),(1844,'20201020','1. ∼ 4. (생  략)',145,11,0,'20210421'),(1845,'20201020','② 제1항에 따라 자동차등의 운전이 금지된 사람은 지체 없이 국제운전면허증에 의한 운전을 금지한 <P>지방경찰청장</P>에게 그 국제운전면허증을 제출하여야 한다.',146,11,0,'20210421'),(1846,'20201020','③ <P>지방경찰청장</P>은 제1항에 따른 금지기간이 끝난 경우 또는 금지처분을 받은 사람이 그 금지기간 중에 출국하는 경우에는 그 사람의 반환청구가 있으면 지체 없이 보관 중인 국제운전면허증을 돌려주어야 한다.',147,11,0,'20210421'),(1847,'20201020','제98조(국제운전면허증의 발급 등) ① 제80조에 따라 운전면허를 받은 사람이 국외에서 운전을 하기 위하여 제96조제1항제1호의 <P>「도로교통에 관한 협약」에 따른 국제운전면허증을 발급받으려면 지방경찰청장에게 신청하여야 한다</P>.',148,11,0,'20210421'),(1848,'20201020','② ∼ ⑤ (생  략)',149,11,0,'20210421'),(1849,'20201020','제98조의2(국제운전면허증 발급의 제한) <P>지방경찰청장</P>은 제98조에 따라 국제운전면허증을 발급받으려는 사람이 납부하지 아니한 범칙금 또는 과태료(이 법을 위반하여 부과된 범칙금 또는 과태료를 말한다. 이하 이 조에서 같다)가 있는 경우 국제운전면허증의 발급을 거부할 수 있다. 다만, 제164조제1항ㆍ제2항에 따른 범칙금 납부기간 또는 제160조에 따른 과태료로서 대통령령으로 정하는 납부기간 중에 있는 경우에는 그러하지 아니하다.',150,11,0,'20210421'),(1850,'20201020','제99조(자동차운전학원의 등록) 자동차운전학원(이하 “학원”이라 한다)을 설립ㆍ운영하려는 자는 제101조에 따른 시설 및 설비 등과 제103조에 따른 강사의 정원(定員) 및 배치기준 등 필요한 조건을 갖추어 대통령령으로 정하는 바에 따라 <P>지방경찰청장</P>에게 등록하여야 한다. 대통령령으로 정하는 등록사항을 변경하려는 경우에도 또한 같다.',151,11,0,'20210421'),(1851,'20201020','제100조(학원의 조건부 등록) ① <P>지방경찰청장</P>은 제99조에 따라 학원 등록을 할 경우 대통령령으로 정하는 기간에 제101조에 따른 시설 및 설비 등을 갖출 것을 조건으로 하여 학원의 등록을 받을 수 있다.',152,11,0,'20210421'),(1852,'20201020','② <P>지방경찰청장</P>은 제1항에 따라 등록을 한 자가 정당한 사유 없이 같은 항에 따른 기간에 시설 및 설비 등을 갖추지 아니하면 그 등록을 취소하여야 한다.',153,11,0,'20210421'),(1853,'20201020','제104조(자동차운전 전문학원의 지정 등) ① <P>지방경찰청장</P>은 자동차운전에 관한 교육 수준을 높이고 운전자의 자질을 향상시키기 위하여 제99조에 따라 등록된 학원으로서 다음 각 호의 기준에 적합한 학원을 대통령령으로 정하는 바에 따라 자동차운전 전문학원(이하 “전문학원”이라 한다)으로 지정할 수 있다.',154,11,0,'20210421'),(1854,'20201020','1. ∼ 4. (생  략)',155,11,0,'20210421'),(1855,'20201020','② <P>지방경찰청장</P>은 다음 각 호의 어느 하나에 해당하는 학원은 전문학원으로 지정할 수 없다.',156,11,0,'20210421'),(1856,'20201020','1.·2. (생  략)',157,11,0,'20210421'),(1857,'20201020','③ 제1항에 따라 지정받은 전문학원이 대통령령으로 정하는 중요사항을 변경하려면 소재지를 관할하는 <P>지방경찰청장</P>의 승인을 받아야 한다.',158,11,0,'20210421'),(1858,'20201020','제106조(전문학원의 강사) ① ∼ ③ (생  략)',159,11,0,'20210421'),(1859,'20201020','1. ∼ 9. (생  략)',161,11,0,'20210421'),(1860,'20201020','⑤ (생  략)',162,11,0,'20210421'),(1861,'20201020','제107조(기능검정원) ① ∼ ③ (생  략)',163,11,0,'20210421'),(1862,'20201020','④ <P>지방경찰청장</P>은 기능검정원이 다음 각 호의 어느 하나에 해당하면 행정안전부령으로 정하는 기준에 따라 그 기능검정원의 자격을 취소하거나 1년 이내의 범위에서 기간을 정하여 그 자격의 효력을 정지시킬 수 있다. 다만, 제1호부터 제6호까지의 어느 하나에 해당하는 경우에는 그 자격을 취소하여야 한다.',164,11,0,'20210421'),(1863,'20201020','1. ∼ 9. (생  략)',165,11,0,'20210421'),(1864,'20201020','제108조(기능검정) ① <P>지방경찰청장</P>은 전문학원의 학감으로 하여금 대통령령으로 정하는 바에 따라 해당 전문학원의 교육생을 대상으로 제83조제1항제4호 및 같은 조 제2항에 따른 운전기능 또는 도로에서 운전하는 능력이 있는지에 관한 검정(이하 “기능검정”이라 한다)을 하게 할 수 있다.',166,11,0,'20210421'),(1865,'20201020','② ∼ ⑤ (생  략)',167,11,0,'20210421'),(1866,'20201020','제109조(강사 등에 대한 연수교육 등) ① <P>지방경찰청장</P>은 다음 각 호의 사람을 대상으로 그 자질을 향상시키기 위하여 필요한 경우에는 대통령령으로 정하는 바에 따라 연수교육을 할 수 있다. 이 경우 연수교육의 통보를 받은 학원등 설립ㆍ운영자는 특별한 사유가 없으면 그 교육을 받아야 하며, 또한 제2호 및 제3호의 사람이 연수교육을 받을 수 있도록 조치하여야 한다.',168,11,0,'20210421'),(1867,'20201020','1. ∼ 3. (생  략)',169,11,0,'20210421'),(1868,'20201020','② (생  략)',170,11,0,'20210421'),(1869,'20201020','제110조(수강료 등) ① ∼ ③ (생  략)',171,11,0,'20210421'),(1870,'20201020','④ <P>지방경찰청장</P>은 수강료등의 과도한 인하 등으로 인하여 학원교육의 부실화가 우려된다고 인정하는 경우에는 대통령령으로 정하는 바에 따라 이를 조정할 것을 명할 수 있다.',172,11,0,'20210421'),(1871,'20201020','제112조(휴원ㆍ폐원의 신고) 학원등 설립ㆍ운영자가 해당 학원을 폐원(閉院)하거나 1개월 이상 휴원(休院)하는 경우에는 행정안전부령으로 정하는 바에 따라 휴원 또는 폐원한 날부터 7일 이내에 <P>지방경찰청장</P>에게 그 사실을 신고하여야 한다.',173,11,0,'20210421'),(1872,'20201020','제113조(학원등에 대한 행정처분) ① <P>지방경찰청장</P>은 학원등이 다음 각 호의 어느 하나에 해당하면 행정안전부령으로 정하는 기준에 따라 등록을 취소하거나 1년 이내의 기간을 정하여 운영의 정지를 명할 수 있다. 다만, 제1호에 해당하는 경우에는 등록을 취소하여야 한다.',174,11,0,'20210421'),(1873,'20201020','1. ∼ 12. (생  략)',175,11,0,'20210421'),(1874,'20201020','② <P>지방경찰청장</P>은 전문학원이 다음 각 호의 어느 하나에 해당하면 행정안전부령으로 정하는 기준에 따라 학원의 등록을 취소하거나 1년 이내의 기간을 정하여 운영의 정지를 명할 수 있다.',176,11,0,'20210421'),(1875,'20201020','1. ∼ 9. (생  략)',177,11,0,'20210421'),(1876,'20201020','③ <P>지방경찰청장</P>은 전문학원이 다음 각 호의 어느 하나에 해당하는 경우에는 행정안전부령으로 정하는 기준에 따라 지정을 취소할 수 있다.',178,11,0,'20210421'),(1877,'20201020','1.·2. (생  략)',179,11,0,'20210421'),(1878,'20201020','④ <P>지방경찰청장</P>은 학원등이 제1항이나 제2항에 따른 운영정지 명령을 위반하여 계속 운영 행위를 하는 경우에는 행정안전부령으로 정하는 기준에 따라 등록을 취소하거나 1년 이내의 기간을 정하여 추가로 운영의 정지를 명할 수 있다.',180,11,0,'20210421'),(1879,'20201020','제114조(청문) <P>지방경찰청장</P>은 제113조에 따라 학원등의 등록 또는 지정을 취소하려면 청문을 하여야 한다.',181,11,0,'20210421'),(1880,'20201020','제115조(학원등에 대한 조치) ① <P>지방경찰청장</P>은 제99조에 따른 등록을 하지 아니하거나 제104조제1항에 따른 지정을 받지 아니하고 학원등을 설립ㆍ운영하는 경우 또는 제113조에 따라 등록이 취소되거나 운영 정지처분을 받은 학원등이 계속하여 자동차운전교육을 하는 경우에는 해당 학원등을 폐쇄하거나 운영을 중지시키기 위하여 다음 각 호의 조치를 할 수 있다.',182,11,0,'20210421'),(1881,'20201020','1.·2. (생  략)',183,11,0,'20210421'),(1882,'20201020','②·③ (생  략)',184,11,0,'20210421'),(1883,'20201020','제137조(운전자에 관한 정보의 관리 및 제공 등) ① (생  략)',185,11,0,'20210421'),(1884,'20201020','② <P>지방경찰청장</P> 및 경찰서장은 운전자의 운전면허ㆍ교통사고 및 교통법규 위반에 관한 정보를, 공단은 운전면허에 관한 정보를 각각 제1항에 따른 전산시스템에 등록ㆍ관리하여야 한다.',186,11,0,'20210421'),(1885,'20201020','③ 운전자 본인 또는 그 대리인은 행정안전부령으로 정하는 바에 따라 <P>지방경찰청장</P>, 경찰서장 또는 공단에 제1항에 따른 정보를 확인하는 증명을 신청할 수 있다.',187,11,0,'20210421'),(1886,'20201020','④ <P>지방경찰청장</P>, 경찰서장 또는 공단은 제3항에 따른 신청을 받으면 행정안전부령으로 정하는 바에 따라 운전자에 관한 정보를 확인하는 서류로써 증명하여 주어야 한다.',188,11,0,'20210421'),(1887,'20201020','⑤ (생  략)',189,11,0,'20210421'),(1888,'20201020','제137조의2(자료의 요청 등) ① <P>지방경찰청장</P>은 운전면허를 소지한 등록외국인이나 외국국적동포의 체류지 또는 거소를 확인하기 위하여 필요한 경우에는 경찰청장을 거쳐 법무부장관에게 해당 체류지 또는 거소 정보의 제공을 요청할 수 있다.',190,11,0,'20210421'),(1889,'20201020','② <P>지방경찰청장</P>은 운전면허증 발급을 받으려는 등록외국인이나 외국국적동포가 본인인지를 확인하기 위하여 필요한 경우에는 경찰청장을 거쳐 법무부장관에게 해당 등록외국인이나 외국국적동포의 지문정보의 제공을 요청할 수 있다.',191,11,0,'20210421'),(1890,'20201020','③ (생  략)',192,11,0,'20210421'),(1891,'20201020','제139조(수수료) ① 다음 각 호의 어느 하나에 해당하는 사람은 행정안전부령으로 정하는 바에 따라 수수료를 내야 한다. 다만, 경찰청장 또는 <P>지방경찰청장</P>이 제147조에 따라 업무를 대행하게 한 경우에는 그 업무를 대행하는 공단이 경찰청장의 승인을 받아 결정ㆍ공고하는 수수료를 공단에 내야 한다.',193,11,0,'20210421'),(1892,'20201020','1. ∼ 11. (생  략)',194,11,0,'20210421'),(1893,'20201020','② (생  략)',195,11,0,'20210421'),(1894,'20201020','제141조(지도 및 감독 등) ① <P>지방경찰청장</P>은 교통안전교육기관 또는 학원등의 건전한 육성ㆍ발전을 위하여 적절한 지도ㆍ감독을 하여야 한다.',196,11,0,'20210421'),(1895,'20201020','② <P>지방경찰청장</P>은 필요하다고 인정하면 다음 각 호의 자에 대하여 시설ㆍ설비 및 교육에 관한 사항이나 각종 통계자료를 제출 또는 보고하게 하거나 관계 공무원으로 하여금 해당 시설에 출입하여 시설ㆍ설비, 장부와 그 밖의 관계 서류를 검사하게 할 수 있다. 이 경우 <P>지방경찰청장</P>은 시설ㆍ설비의 개선과 그 밖에 필요하다고 판단하는 사항에 대하여 명령을 할 수 있다.',197,11,0,'20210421'),(1896,'20201020','1. ∼ 3. (생  략)',198,11,0,'20210421'),(1897,'20201020','③ (생  략)',199,11,0,'20210421'),(1898,'20201020','④ 경찰청장은 업무 중 다음 각 호의 사항에 대하여 지도ㆍ감독하고, 공단의 설립목적 달성에 필요한 명령을 할 수 있다.',200,11,0,'20210421'),(1899,'20201020','1.·2. (생  략)',201,11,0,'20210421'),(1900,'20201020','3. 경찰청장이 위탁ㆍ승인 또는 대행하게 한 사업과 <P>지방경찰청장</P>이 위탁 또는 대행하게 한 사업의 수행에 관한 사항',202,11,0,'20210421'),(1901,'20201020','4. (생  략)',203,11,0,'20210421'),(1902,'20201020','제145조의2(광역 교통정보 사업) 경찰청장은 각 <P>지방경찰청장</P>으로 하여금 광역 교통정보를 수집하고, 이를 다른 지역의 교통정보와 연계하여 분석한 결과를 일반에게 제공하는 사업을 시장등과 협의하여 추진하게 할 수 있다.',204,11,0,'20210421'),(1903,'20201020','제147조(위임 및 위탁 등) ① 시장등은 이 법에 따른 권한 또는 사무의 일부를 대통령령으로 정하는 바에 따라 <P>지방경찰청장</P>이나 경찰서장에게 위임 또는 위탁할 수 있다.',205,11,0,'20210421'),(1904,'20201020','② (생  략)',206,11,0,'20210421'),(1905,'20201020','③ <P>지방경찰청장</P>은 이 법에 따른 권한 또는 사무의 일부를 대통령령으로 정하는 바에 따라 관할 경찰서장에게 위임하거나 교통 관련 전문교육기관 또는 전문연구기관 등에 위탁할 수 있다.',207,11,0,'20210421'),(1906,'20201020','④ <P>지방경찰청장</P> 또는 경찰서장은 제1항에 따라 시장등으로부터 위임받거나 위탁받은 사무의 일부를 대통령령으로 정하는 바에 따라 교통 관련 전문교육기관 또는 전문연구기관에 위탁할 수 있다.',208,11,0,'20210421'),(1907,'20201020','⑤ <P>지방경찰청장</P>은 이 법에 따른 운전면허와 관련된 업무의 일부를 대통령령으로 정하는 바에 따라 공단으로 하여금 대행하게 할 수 있다.',209,11,0,'20210421'),(1908,'20201020','⑥ (생  략)',210,11,0,'20210421'),(1909,'20201020','제156조(벌칙) 다음 각 호의 어느 하나에 해당하는 사람은 20만원 이하의 벌금이나 구류 또는 과료(科料)에 처한다.',211,11,0,'20210421'),(1910,'20201020','1. ∼ 4. (생  략)',212,11,0,'20210421'),(1911,'20201020','5. 제39조제6항에 따른 <P>지방경찰청장</P>의 제한을 위반한 사람',213,11,0,'20210421'),(1912,'20201020','6. ∼ 12. (생  략)',214,11,0,'20210421'),(1913,'20201020','제161조(과태료의 부과ㆍ징수 등) ①제160조제1항부터 제3항까지의 규정에 따른 과태료는 대통령령으로 정하는 바에 따라 다음 각 호의 자가 부과ㆍ징수한다.',215,11,0,'20210421'),(1914,'20201020','1. 제160조제1항부터 제3항까지(제15조제3항에 따른 전용차로 통행, 제32조부터 제34조까지의 규정에 따른 정차 또는 주차, 제53조제7항에 따른 안전운행기록 제출, 제53조의3제1항에 따른 어린이통학버스 안전교육, 제53조의3제3항에 따른 어린이통학버스 운영자 의무 규정을 위반한 경우는 제외한다)의 과태료: <P>지방경찰청장</P>',216,11,0,'20210421'),(1915,'20201020','2. ∼ 4. (생  략)',217,11,0,'20210421'),(1916,'20201020','② <P>지방경찰청장</P>은 이 법에 따른 과태료 징수와 관련된 업무의 일부를 대통령령으로 정하는 바에 따라 「한국자산관리공사 설립 등에 관한 법률」에 따라 설립된 한국자산관리공사에 위탁할 수 있다.',218,11,0,'20210421'),(1917,'20201222','제30조(긴급자동차에 대한 특례) 긴급자동차에 대하여는 다음 각 호의 사항을 적용하지 아니한다. <P><단서 신설></P>',1,12,0,'20210101'),(1918,'20201222','1. ∼ 3. (생  략)',2,12,0,'20210101'),(1919,'20201222','<P><신  설></P>',3,12,0,'20210101'),(1920,'20201222','<P><신  설></P>',4,12,0,'20210101'),(1921,'20201222','<P><신  설></P>',5,12,0,'20210101'),(1922,'20201222','<P><신  설></P>',6,12,0,'20210101'),(1923,'20201222','<P><신  설></P>',7,12,0,'20210101'),(1924,'20201222','<P><신  설></P>',8,12,0,'20210101'),(1925,'20201222','<P><신  설></P>',9,12,0,'20210101'),(1926,'20201222','<P><신  설></P>',10,12,0,'20210101'),(1927,'20201222','<P><신  설></P>',11,12,0,'20210101'),(1928,'20201222','<P>제34조의2(정차 또는 주차를 금지하는 장소의 특례) 제32조제7호ㆍ제8호 또는 제33조제3호에 따른 정차나 주차가 금지된 장소 중 시ㆍ도경찰청장이 안전표지로 구역ㆍ시간ㆍ방법 및 차의 종류를 정하여 정차나 주차를 허용한 곳에서는 제32조제7호ㆍ제8호 또는 제33조제3호에도 불구하고 정차하거나 주차할 수 있다.</P>',12,12,0,'20210101'),(1929,'20201222','제43조(무면허운전 등의 금지) 누구든지 제80조에 따라 시ㆍ도경찰청장으로부터 운전면허를 받지 아니하거나 운전면허의 효력이 정지된 경우에는 <P>자동차등(개인형 이동장치는 제외한다)</P>을 운전하여서는 아니 된다.',13,12,0,'20210101'),(1930,'20201222','제47조(위험방지를 위한 조치) ① 경찰공무원은 <P>자동차등(개인형 이동장치는 제외한다)</P> 또는 노면전차의 운전자가 제43조부터 제45조까지의 규정을 위반하여 자동차등 또는 노면전차를 운전하고 있다고 인정되는 경우에는 자동차등 또는 노면전차를 일시정지시키고 그 운전자에게 자동차 운전면허증(이하 “운전면허증”이라 한다)을 제시할 것을 요구할 수 있다.',14,12,0,'20210101'),(1931,'20201222','②·③ (생  략)',15,12,0,'20210101'),(1932,'20201222','제50조(특정 운전자의 준수사항) ① ∼ ③ (생  략)',16,12,0,'20210101'),(1933,'20201222','④ 자전거등의 운전자는 자전거도로 및 「도로법」에 따른 도로를 운전할 때에는 행정안전부령으로 정하는 인명보호 장구를 착용하여야 <P>하며, 자전거의 운전자는</P> 동승자에게도 이를 착용하도록 하여야 한다.',17,12,0,'20210101'),(1934,'20201222','⑤ ∼ ⑩ (생  략)',18,12,0,'20210101'),(1935,'20201222','제80조(운전면허) ① 자동차등을 운전하려는 사람은 시ㆍ도경찰청장으로부터 운전면허를 받아야 한다. 다만, 제2조제19호나목의 원동기를 단 차 중 <P>개인형 이동장치 또는 「교통약자의 이동편의 증진법」</P> 제2조제1호에 따른 교통약자가 최고속도 시속 20킬로미터 이하로만 운행될 수 있는 차를 운전하는 경우에는 그러하지 아니하다.',19,12,0,'20210101'),(1936,'20201222','② (생  략)',20,12,0,'20210101'),(1937,'20201222','③ 시ㆍ도경찰청장은 운전면허를 받을 사람의 신체 상태 또는 운전 능력에 따라 행정안전부령으로 정하는 바에 따라 운전할 수 있는 <P>자동차등(개인형 이동장치는 제외한다)</P>의 구조를 한정하는 등 운전면허에 필요한 조건을 붙일 수 있다.',21,12,0,'20210101'),(1938,'20201222','④ (생  략)',22,12,0,'20210101'),(1939,'20201222','제82조(운전면허의 결격사유) ① (생  략)',23,12,0,'20210101'),(1940,'20201222','② 다음 각 호의 어느 하나의 경우에 해당하는 사람은 해당 각 호에 규정된 기간이 지나지 아니하면 운전면허를 받을 수 없다. 다만, 다음 각 호의 사유로 인하여 벌금 미만의 형이 확정되거나 선고유예의 판결이 확정된 경우 또는 기소유예나 「소년법」 제32조에 따른 보호처분의 결정이 있는 경우에는 각 호에 규정된 기간 내라도 운전면허를 받을 수 있다.',24,12,0,'20210101'),(1941,'20201222','2. ∼ 8. (생  략)',26,12,0,'20210101'),(1942,'20201222','③ (생  략)',27,12,0,'20210101'),(1943,'20201222','제83조(운전면허시험 등) ① 운전면허시험(제1종 보통면허시험 및 제2종 보통면허시험은 제외한다)은 제120조에 따른 도로교통공단이 다음 각 호의 사항에 대하여 제80조제2항에 따른 운전면허의 구분에 따라 실시한다. 다만, 대통령령으로 정하는 운전면허시험은 대통령령으로 정하는 바에 따라 시ㆍ도경찰청장이나 도로교통공단이 실시한다.',28,12,0,'20210101'),(1944,'20201222','1. <P>자동차등(개인형 이동장치는 제외한다. 이하 이 조에서 같다)</P>의 운전에 필요한 적성',29,12,0,'20210101'),(1945,'20201222','2. ∼ 5. (생  략)',30,12,0,'20210101'),(1946,'20201222','② ∼ ⑤ (생  략)',31,12,0,'20210101'),(1947,'20201222','제84조(운전면허시험의 면제) ① 다음 각 호의 어느 하나에 해당하는 사람에 대하여는 대통령령으로 정하는 바에 따라 운전면허시험의 일부를 면제한다.',32,12,0,'20210101'),(1948,'20201222','1. ∼ 3. (생  략)',33,12,0,'20210101'),(1949,'20201222','4. 군(軍) 복무 중 <P>자동차등(개인형 이동장치는 제외한다)</P>에 상응하는 군 소속 차를 6개월 이상 운전한 경험이 있는 사람',34,12,0,'20210101'),(1950,'20201222','5. ∼ 9. (생  략)',35,12,0,'20210101'),(1951,'20201222','②·③ (생  략)',36,12,0,'20210101'),(1952,'20201222','제92조(운전면허증 휴대 및 제시 등의 의무) ① <P>자동차등(개인형 이동장치는 제외한다)</P>을 운전할 때에는 다음 각 호의 어느 하나에 해당하는 운전면허증 등을 지니고 있어야 한다.',37,12,0,'20210101'),(1953,'20201222','1.·2. (생  략)',38,12,0,'20210101'),(1954,'20201222','② (생  략)',39,12,0,'20210101'),(1955,'20201222','1. 제44조제1항을 위반하여 술에 취한 상태에서 <P>자동차등(개인형 이동장치는 제외한다. 이하 이 조에서 같다)</P>을 운전한 경우',41,12,0,'20210101'),(1956,'20201222','2. ∼ 7. (생  략)',42,12,0,'20210101'),(1957,'20201222','8. 제82조에 따라 운전면허를 받을 수 없는 사람이 운전면허를 받거나 <P>거짓이나 그 밖의 부정한 수단으로 운전면허를 받은 경우 또는 운전면허효력</P>의 정지기간 중 운전면허증 또는 운전면허증을 갈음하는 증명서를 발급받은 사실이 드러난 경우',43,12,0,'20210101'),(1958,'20201222','<P><신  설></P>',44,12,0,'20210101'),(1959,'20201222','9. ∼ 20. (생  략)',45,12,0,'20210101'),(1960,'20201222','② ∼ ④ (생  략)',46,12,0,'20210101'),(1961,'20201222','<P><신  설></P>',47,12,0,'20210101'),(1962,'20201222','1. ∼ 3. (생  략)',49,12,0,'20210101'),(1963,'20201222','②·③ (생  략)',50,12,0,'20210101'),(1964,'20201222','제97조(자동차등의 운전 금지) ① 제96조에 따라 국제운전면허증을 가지고 국내에서 <P>자동차등(개인형 이동장치는 제외한다. 이하 이 조에서 같다)</P>을 운전하는 사람이 다음 각 호의 어느 하나에 해당하는 경우에는 그 사람의 주소지를 관할하는 시ㆍ도경찰청장은 행정안전부령으로 정한 기준에 따라 1년을 넘지 아니하는 범위에서 국제운전면허증에 의한 자동차등의 운전을 금지할 수 있다.',51,12,0,'20210101'),(1965,'20201222','1. ∼ 4. (생  략)',52,12,0,'20210101'),(1966,'20201222','②·③ (생  략)',53,12,0,'20210101'),(1967,'20201222','제156조(벌칙) 다음 각 호의 어느 하나에 해당하는 사람은 20만원 이하의 벌금이나 구류 또는 과료(科料)에 처한다.',54,12,0,'20210101'),(1968,'20201222','2. ∼ 5. (생  략)',56,12,0,'20210101'),(1969,'20201222','6. <P>제50조제1항 및 제3항</P>을 위반하여 좌석안전띠를 매지 아니하거나 인명보호 장구를 착용하지 아니한 <P>운전자</P>',57,12,0,'20210101'),(1970,'20201222','7. ∼ 12. (생  략)',58,12,0,'20210101'),(1971,'20201222','<P><신  설></P>',59,12,0,'20210101'),(1972,'20201222','제158조의2(형의 감면) 긴급자동차(제2조제22호가목부터 다목까지의 자동차와 대통령령으로 정하는 경찰용 자동차만 해당한다)의 운전자가 그 차를 본래의 긴급한 용도로 운행하는 중에 교통사고를 일으킨 경우에는 그 긴급활동의 시급성과 불가피성 등 정상을 참작하여 <P>제151조 또는 「교통사고처리 특례법」 제3조제1항에 따른</P> 형을 감경하거나 면제할 수 있다.',60,12,0,'20210101'),(1973,'20201222','제160조(과태료) ① (생  략)',61,12,0,'20210101'),(1974,'20201222','② 다음 각 호의 어느 하나에 해당하는 사람에게는 20만원 이하의 과태료를 부과한다.',62,12,0,'20210101'),(1975,'20201222','1.·2. (생  략)',63,12,0,'20210101'),(1976,'20201222','3. <P>제50조제3항</P>을 위반하여 동승자에게 인명보호 장구를 착용하도록 하지 아니한 <P>운전자</P>',64,12,0,'20210101'),(1977,'20201222','4. ∼ 8. (생  략)',65,12,0,'20210101'),(1978,'20201222','<P><신  설></P>',66,12,0,'20210101'),(1979,'20201222','③·④ (생  략)',67,12,0,'20210101'),(1980,'20200609','제32조(정차 및 주차의 금지) 모든 차의 운전자는 다음 각 호의 어느 하나에 해당하는 곳에서는 차를 정차하거나 주차하여서는 아니 된다. 다만, 이 법이나 이 법에 따른 명령 또는 경찰공무원의 지시를 따르는 경우와 위험방지를 위하여 일시정지하는 경우에는 그러하지 아니하다.',1,13,0,'20201210'),(1981,'20200609','1. ∼ 7. (생  략)',2,13,0,'20201210'),(1982,'20200609','<P><신  설></P>',3,13,0,'20201210'),(1983,'20200609','제34조의2(정차 또는 주차를 금지하는 장소의 특례) <P>제32조제7호</P> 또는 제33조제3호에 따른 정차나 주차가 금지된 장소 중 지방경찰청장이 안전표지로 구역ㆍ시간ㆍ방법 및 차의 종류를 정하여 정차나 주차를 허용한 곳에서는 <P>제32조제7호</P> 또는 제33조제3호에도 불구하고 정차하거나 주차할 수 있다.',4,13,0,'20201210'),(1984,'20200609','제69조(도로공사의 신고 및 안전조치 등) ① ∼ ③ (생  략)',5,13,0,'20201210'),(1985,'20200609','<P>④ 공사시행자는 공사로 인하여 교통안전시설을 훼손한 경우에는 행정안전부령으로 정하는 바에 따라 원상회복하고 그 결과를 관할 경찰서장에게 신고하여야 한다.</P>',6,13,0,'20201210'),(1986,'20200609','<P><신  설></P>',7,13,0,'20201210'),(1987,'20200609','<P><신  설></P>',8,13,0,'20201210'),(1988,'20200609','제73조(교통안전교육) ① (생  략)',9,13,0,'20201210'),(1989,'20200609','② 다음 각 호의 어느 하나에 해당하는 사람은 대통령령으로 정하는 바에 따라 특별교통안전 의무교육을 받아야 한다. 이 경우 제2호부터 <P>제4호까지</P>에 해당하는 사람으로서 부득이한 사유가 있으면 대통령령으로 정하는 바에 따라 의무교육의 연기(延期)를 받을 수 있다.',10,13,0,'20201210'),(1990,'20200609','1. ∼ 4. (생  략)',11,13,0,'20201210'),(1991,'20200609','<P><신  설></P>',12,13,0,'20201210'),(1992,'20200609','③ ∼ ⑤ (생  략)',13,13,0,'20201210'),(1993,'20200609','제154조(벌칙) 다음 각 호의 어느 하나에 해당하는 사람은 30만원 이하의 벌금이나 구류에 처한다.',14,13,0,'20201210'),(1994,'20200609','1. ∼ 6. (생  략)',15,13,0,'20201210'),(1995,'20200609','7. 제69조제1항에 따른 도로공사의 신고를 하지 아니하거나 같은 조 제2항에 따른 조치를 위반한 사람 또는 같은 조 제3항을 위반하여 교통안전시설을 설치하지 아니하거나 같은 조 <P>제4항</P>을 위반하여 교통안전시설을 원상회복하지 아니한 사람',16,13,0,'20201210'),(1996,'20200609','8.·9. (생  략)',17,13,0,'20201210'),(1997,'20200609','1. ∼ 3. (생  략)',19,13,0,'20201210'),(1998,'20200609','② (생  략)',20,13,0,'20201210');
/*!40000 ALTER TABLE `law` ENABLE KEYS */;
UNLOCK TABLES;

--
-- Table structure for table `lawyer`
--

DROP TABLE IF EXISTS `lawyer`;
/*!40101 SET @saved_cs_client     = @@character_set_client */;
/*!50503 SET character_set_client = utf8mb4 */;
CREATE TABLE `lawyer` (
  `id` bigint NOT NULL AUTO_INCREMENT,
  `lawyer_name` varchar(255) DEFAULT NULL,
  `lawyer_date` date DEFAULT NULL,
  `lawyer_image_url` varchar(255) DEFAULT NULL,
  PRIMARY KEY (`id`),
  KEY `ix_lawyer_id` (`id`)
) ENGINE=InnoDB AUTO_INCREMENT=2 DEFAULT CHARSET=utf8mb4 COLLATE=utf8mb4_0900_ai_ci;
/*!40101 SET character_set_client = @saved_cs_client */;

--
-- Dumping data for table `lawyer`
--

LOCK TABLES `lawyer` WRITE;
/*!40000 ALTER TABLE `lawyer` DISABLE KEYS */;
INSERT INTO `lawyer` VALUES (1,'송인범','1998-08-17','https://whitebox-lawyer-vertify.s3.ap-northeast-2.amazonaws.com/inbum_original.jpeg');
/*!40000 ALTER TABLE `lawyer` ENABLE KEYS */;
UNLOCK TABLES;

--
-- Table structure for table `related_sites`
--

DROP TABLE IF EXISTS `related_sites`;
/*!40101 SET @saved_cs_client     = @@character_set_client */;
/*!50503 SET character_set_client = utf8mb4 */;
CREATE TABLE `related_sites` (
  `rs_idx` bigint NOT NULL AUTO_INCREMENT,
  `rs_category` varchar(255) DEFAULT NULL,
  `rs_name` varchar(255) DEFAULT NULL,
  `rs_url` varchar(255) DEFAULT NULL,
  PRIMARY KEY (`rs_idx`)
) ENGINE=InnoDB AUTO_INCREMENT=9 DEFAULT CHARSET=utf8mb4 COLLATE=utf8mb4_0900_ai_ci;
/*!40101 SET character_set_client = @saved_cs_client */;

--
-- Dumping data for table `related_sites`
--

LOCK TABLES `related_sites` WRITE;
/*!40000 ALTER TABLE `related_sites` DISABLE KEYS */;
INSERT INTO `related_sites` VALUES (1,'관련판례','국가법령정보 공동활용','https://open.law.go.kr/LSO/openApi/guideList.do'),(2,'관련사이트','과실비율정보포털','https://accident.knia.or.kr/'),(3,'관련사이트','대법원 판례검색','https://glaw.scourt.go.kr/wsjo/intesrch/sjo022.do'),(4,'관련사이트','국민신문고','https://www.epeople.go.kr/index.npaid'),(5,'과실상계','과실비율정보포털 절차정보','https://accident.knia.or.kr/about'),(6,'용어정리','국가법령정보 공동활용','https://open.law.go.kr/LSO/openApi/guideList.do'),(7,'용어정리','과실비용정보포털 용어정보','https://accident.knia.or.kr/define#0'),(8,'도로교통법','국가법령정보 도로교통법','https://open.law.go.kr/LSO/openApi/guideList.do');
/*!40000 ALTER TABLE `related_sites` ENABLE KEYS */;
UNLOCK TABLES;

--
-- Table structure for table `terms`
--

DROP TABLE IF EXISTS `terms`;
/*!40101 SET @saved_cs_client     = @@character_set_client */;
/*!50503 SET character_set_client = utf8mb4 */;
CREATE TABLE `terms` (
  `te_idx` bigint NOT NULL AUTO_INCREMENT,
  `te_description` varchar(255) DEFAULT NULL,
  `te_name` varchar(255) DEFAULT NULL,
  PRIMARY KEY (`te_idx`)
) ENGINE=InnoDB AUTO_INCREMENT=55 DEFAULT CHARSET=utf8mb4 COLLATE=utf8mb4_0900_ai_ci;
/*!40101 SET character_set_client = @saved_cs_client */;

--
-- Dumping data for table `terms`
--

LOCK TABLES `terms` WRITE;
/*!40000 ALTER TABLE `terms` DISABLE KEYS */;
INSERT INTO `terms` VALUES (1,'과실이란 사회생활상 요구되는 주의를 기울였다면, 일정한 결과의 발생을 알 수 있었거나 그러한 결과를 회피할 수 있었을 것인데, 그 주의를 다하지 아니함으로써 그러한 결과를 발생하게 하는 심리상태를 의미하며, 통상 선량한 관리자의 주의의무 위반을 말합니다.','과실'),(2,'과실상계(過失相計)란 채무불이행 또는 불법행위에 의해 손해가 발생한 경우 채무불이행 또는 불법행위의 성립 그 자체나 그로 인한 손해의 발생, 손해의 확대에 채권자 또는 피해자의 과실이 있는 경우 손해배상책임 및 그 금액을 정함에 있어 이를 참작하는 법리를 말합니다. (민법 제396조, 민법 제763조)','과실상계'),(3,'남의 빚을 갚아 준 사람이 그 사람에게 갚아 준 만큼의 재산의 반환을 청구하는 것을 의미합니다. 자동차보험 보상에서의 구상은 보험회사에서 가입 피보험자의 피해를 선처리하고 선처리한 피해액에서 상대방의 과실비율만큼 상대방 보험회사에게 반환을 청구하는 것입니다.? 이 때의 청구 금액을 구상금이라 하며, 이러한 권리를 구상권이라고 합니다.','구상(求償)'),(4,'법원은 총 3심의 재판 절차가 있으며, 1심의 판결에 불복할 경우 2심(항소), 2심(항소)의 판결에 불복할 경우 3심(상고)의 절차를 진행 할 수 있습니다.','1심, 2심(항소), 3심(상고)'),(5,'조정담당판사 또는 조정위원회가 당사자의 주장을 듣고 조정안을 제시하는 절차로 당사자간 양보와 타협을 통해 합의 해결하는 절차입니다.','민사조정'),(6,'소송목적의 값(소가)이 3천만원 이하인 금전 기타대체물, 유가증권의 일정한 수량의 지급을 청구하는 사건의 재판을 의미합니다.\n * 소액사건심판법 제11조의 2에 의거, 결정사유는 별도로 기재하지 않을 수 있습니다.','소액재판'),(7,'소송목적의 값(소가)이 3천만원 초과 2억원 이하의 민사소송에 대하여 판사 1인이 단독으로 심판하는 것을 의미합니다.','민사단독'),(8,'2억원 초과의 민사사건에서 합의부(판사 3인)가 판사 1인 단독으로 심판할 것을 결정한 사건을 의미합니다.\n * 민사 및 가사소송의 사물관할에 관한 규칙에 의거, 자동차보험 「손해배상 청구사건」 및 「구상금 청구사건」은 합의부에서 제외되고 1인 단독 판결하고 있습니다.','재정단독(합의)'),(9,'보험회사에서 진행하는 구상금청구소송은 가입피보험자의 사고에 대하여 선처리한 피해액에 대하여 상대방 보험회사가 과실만큼 반환하지 않아 법원을 통해 강제 반환을 청구하는 소송입니다.','구상금청구소송'),(10,'보험회사에서 진행하는 부당이득금반환소송은 과실비율분쟁심의위원회 심의결정 등으로 구상금액을 지급하였으나, 이에 불복하고 지급한 금액의 전체 또는 일부를 다시 받기 위해 청구하는 소송입니다.','부당이득금반환소송'),(11,'소송 청구인(원고)의 주장이 이유가 있다고 인정되는 경우, 그 주장을 받아들이는 결정을 내리는 것을 인용이라고 합니다.','판결(인용)'),(12,'소송 청구인(원고)의 신청에 따라 심리하였으나, 신청의 이유가 없다고 하여 배척하는 것을 의미합니다.','판결(기각)'),(13,'민사조정 등 조정절차에 의한 결정을 의미하며, 당사자 이의가 없어 확정된 경우에는 확정판결과 같은 효력이 있습니다.','조정결정'),(14,'소송을 포기하는 것을 의미합니다.','소취하'),(15,'[도로교통법 제2조 제1호]\n\n\"도로\"\"란 다음 각 목에 해당하는 곳을 말합니다.','도로'),(16,'[도로교통법 제2조 제2호]\n\n\"자동차전용도로\"\"란 자동차만 다닐 수 있도록 설치된 도로를 말합니다.\"','자동차전용도로'),(17,'[도로교통법 제2조 제3호]\n\n\"고속도로\"\"란 자동차의 고속 운행에만 사용하기 위하여 지정된 도로를 말합니다.\"','고속도로'),(18,'[도로교통법 제2조 제4호]\n\"차도\"\"(車道)란 연석선(차도와 보도를 구분하는 돌 등으로 이어진 선을 말합니다. 이하 같습니다)','차도와 보도'),(19,' 안전표지나 그와 비슷한 인공구조물로 경계를 표시하여 보행자(유모차와 행정안전부령으로 정하는 보행보조용 의자차를 포함합니다. 이하 같습니다)가 통행할 수 있도록 한 도로의 부분을 말합니다.\"','보도\"\"(步道)란 연석선'),(20,'[도로교통법 제2조 제6호]\n\"차로\"\"란 차마가 한 줄로 도로의 정하여진 부분을 통행하도록 차선(車線)으로 구분한 차도의 부분을 말합니다.','차로와 차선'),(21,'[도로교통법 제2조 제8호]\n\"자전거도로\"\"란 안전표지','자전거도로와 자전거횡단도'),(22,' 경계석(境界石)','1. 자전거 전용도로: 자전거만 통행할 수 있도록 분리대'),(23,' 경계석','2. 자전거·보행자 겸용도로: 자전거 외에 보행자도 통행할 수 있도록 분리대'),(24,'[도로교통법 제2조 제13호]\n\n\"교차로\"\"란 ‘십’자로','교차로'),(25,'[도로교통법 제2조 제14호]\n\n\"안전지대\"\"란 도로를 횡단하는 보행자나 통행하는 차마의 안전을 위하여 안전표지나 이와 비슷한 인공구조물로 표시한 도로의 부분을 말합니다.\"','안전지대'),(26,'[도로교통법 제2조 제15호]\n\n\"신호기\"\"란 도로교통에서 문자ㆍ기호 또는 등화(燈火)를 사용하여 진행ㆍ정지ㆍ방향전환ㆍ주의 등의 신호를 표시하기 위하여 사람이나 전기의 힘으로 조작하는 장치를 말합니다.\"','신호기'),(27,'[도로교통법 제2조 제16호]\n\"안전표지\"\"란 교통안전에 필요한 주의ㆍ규제ㆍ지시 등을 표시하는 표지판이나 도로의 바닥에 표시하는 기호ㆍ문자 또는 선 등을 말합니다.\"','안전표지'),(28,'[도로교통법 제2조 제17호 가목]\n\n가.＂차＂란 다음의 어느 하나에 해당하는 것을 말합니다.\n1) 자동차\n2) 건설기계\n3) 원동기장치자전거\n4) 자전거\n5) 사람 또는 가축의 힘이나 그 밖의 동력(動力)으로 도로에서 운전되는 것. 다만, 철길이나 가설(架設)된 선을 이용하여 운전되는 것, 유모차와 행정안전부령으로 정하는 보행보조용 의자차는 제외합니다.','차'),(29,'[도로교통법 제2조 제20호]\n＂자전거＂란 「자전거 이용 활성화에 관한 법률」 제2조제1호 및 제1호의2에 따른 자전거 및 전기자전거를 말합니다.\n\n[자전거 이용 활성화에 관한 법률  제2조제1호, 제1호의2]\n1. \"자전거\"\"란 사람의 힘으로 페달이나 손페달을 사용하여 움직이는 구동장치(驅動裝置)와 조향장치(操向裝置) 및 제동장치(制動裝置)가 있는 바퀴가 둘 이상인 차로서 행정안전부령으로 정하는 크기와 구조를 갖춘 것을 말합니다.','자전거'),(30,' 전동기만으로는 움직이지 아니할 것','가. 페달(손페달을 포함한다)과 전동기의 동시 동력으로 움직이며'),(31,'도로를 통행하는 자로서 유모차 및 신체장애자용 의자차를 사용하는 자, 도로 위의 작업자, 유희자, 도로 위에 우두커니 서 있는 자, 도로 위에 앉아 있거나 누워 있는 자를 포함하며 이륜자동차 및 자전거를 끌고 가는 자, 횡단보도에서 손수레·우마차를 끌고 가는 자를 포함합니다.\n이륜자동차 및 자전거를 타고 가는 자는 보행자로 보지 않으며 따라서 ‘자동차 대 보행자의 사고’유형으로 분류하지 않고 각 이륜자동차 및 자전거 해당사고 유형으로 적용합니다.','보행자'),(32,'과실비율 인정기준 상의 ‘간선도로’라 함은 차도폭이 20m 이상이거나 또는 왕복 6차로 이상의 도로 또는 제한시속 80km 이상인 도로로서 교통량이 많은 도로를 말합니다.','간선도로'),(33,'＂야간＂은 일몰 후부터 일출 전까지를 말합니다.','야간'),(34,'＂시야장애＂란 야간 개념을 제외하고 운전자가 보행자의 존재를 쉽게 인식할 수 없는 경우를 말합니다.\n예컨대 차량의 바로 앞뒤(도로교통법 제10조 4항 참조) 또는 심한 오르막이나 커브길·골목길 등에서 보행자가 갑자기 튀어나옴으로써 운전자가 사고 이전에 보행자의 유무를 알 수 없었던 경우를 말합니다.','시야장애'),(35,'정지 : 보행자가 횡단 중 갑자기 멈추어 서는 경우\n후퇴 : 다시 돌아서서 출발점으로 돌아가거나 뒷걸음질 하는 경우\n사행 : 차도를 갈지자로 걸어가거나 또는 어슬렁거리는 경우','정지·후퇴·사행'),(36,'횡단금지표시 등의 안전표지 또는 가드레일, 펜스, 차단봉 등에 의하여 차도 횡단이 금지된 장소를 횡단하는 경우에는 보행자의 과실을 가산합니다.','횡단규제표지'),(37,'횡단보도가 설치되지 않은 교차로에서 도로교통법 제10조제3항에 위반하여 보행자가 차도를 최단거리로 횡단하지 않고 교차로 내부를 대각선 방향으로 또는 비스듬히 횡단하는 경우에는 가산요소로 적용합니다.','교차로 대각선 횡단'),(38,'＂어린이＂는 사고일 현재 만 12세 이하를 기준으로 하고 ＂노인＂은 노인복지법 규정에 따라 만 65세를 기준으로 하며,＂장애인＂은 장애인복지법에 따라 등록된 경우에 적용합니다.','어린이·노인·장애인'),(39,'2인 이상의 동시횡단을 의미하며 보행자가 다른 1인을 업거나 또는 안은 경우는 제외합니다.\n\n','집단횡단'),(40,'과실비율 인정기준을 예로 다음과 같은 중대한 과실의 경우 해당 운전자에게 20% 과실을 가중하고 있습니다.\n\n1) 졸음운전\n2) 무면허운전\n3) 혈중알코올농도 0.03% 이상 음주운전\n4) 20km/h 이상의 제한속도 위반\n5) 마약 등의 약물운전\n6) 공동위험행위(도로교통법 46조)\n\n다만 실제 적용에 있어 입증자료가 있어야 하며, 구체적인 사고상황에 따라 달리 적용될 수 있습니다.','중대한 과실'),(41,'교차로를 제3자의 시점에서 바라봤을때, 오른쪽 도로에서 진행하는 차량을 우측진행이라 하며, 왼쪽도로에서 진행하는 차량을 좌측진행이라 합니다.\n\n','우측진행과 좌측진행'),(42,'양 차량의 관계를 앞과 뒤로 바라볼 때 상대적으로 앞에서 진행한 것을 선행이라 하며, 상대적으로 뒤에서 진행한 것을 후행(후속)이라 합니다.','선행과 후행(후속)'),(43,'[도로교통법 제2조 제28호]\n\"서행\"\"이란 운전자가 차를 즉시 정지시킬 수 있는 정도의 느린 속도로 진행하는 것을 말합니다.','서행과 감속'),(44,' 대략 제한속도의 1/2 전후를 의미하며','감속\"\"은 통상의 속도보다 명확하게 속도를 줄이는 것을 말하며'),(45,' 교차로에 일단 진입한 이후에는 서행의무가 없으므로 진입당시의 서행 여부에 따라 이를 수정요소로 적용합니다.\"','서행할 장소는 교통정리가 행해지고 있지 않은 교차로 등으로써 도로교통법이 정하고 있으며'),(46,'[도로교통법 시행령 별표 1]\n\n도로교통법 시행령 별표 1에 명시된 버스 전용차로, 다인승 전용차로, 자전거 전용차로를 전용차로라고 합니다.\n\n※ 전용차로를 위반한 자동차에게 과실을 가산하며, 노선버스 등 전용차로 운행차량이 전용차로를 이탈하여 타차로로 차로변경 중 일어난 사고에도 동일하게 과실을 가산합니다.','전용차로'),(47,'본인의 주행차로에서 다른 차로로 이동하는 경우를 진로변경이라고 합니다.\n\n도로교통법 제38조 등에 따라 진로변경하는 지점에 이르기 전 30미터(고속도로에서는 100미터) 이상의 지점에 이르렀을 때 진로변경 신호를 해야 합니다.','진로변경'),(48,'회전위험장소란 시야가 불량한 굴곡도로, 고개마루 부근, 교차로, 도로의 모퉁이 부근, 차량의 속도가 높고 교통량이 특히 빈번한 도로, 눈이나 비로 인해 미끄러지기 쉬운 장소를 말합니다.\n\n회전금지장소란 중앙선이나 기타 교통표지에 의해 회전이 금지된 장소를 말합니다.','회전위험장소와 회전금지장소'),(49,'[도로교통법 제2조 제24호]\n＂주차＂란 운전자가 승객을 기다리거나 화물을 싣거나 차가 고장 나거나 그 밖의 사유로 차를 계속 정지 상태에 두는 것 또는 운전자가 차에서 떠나서 즉시 그 차를 운전할 수 없는 상태에 두는 것을 말합니다.\n\n[도로교통법 제2조 제25호]\n＂정차＂란 운전자가 5분을 초과하지 아니하고 차를 정지시키는 것으로서 주차 외의 정지 상태를 말합니다.','주차와 정차'),(50,'[도로교통법 제2조 제5호]\n“중앙선”이란 차마의 통행 방향을 명확하게 구분하기 위하여 도로에 황색 실선(實線)이나 황색 점선 등의 안전표지로 표시한 선 또는 중앙분리대나 울타리 등으로 설치한 시설물을 말합니다.\n다만, 제14조 제1항 후단에 따라 가변차로(可變車路)가 설치된 경우에는 신호기가 지시하는 진행방향의 가장 왼쪽에 있는 황색 점선을 말합니다.','중앙선'),(51,'[도로교통법 제2조 제11호]\n“길가장자리구역”이란 보도와 차도가 구분되지 아니한 도로에서 보행자의 안전을 확보하기 위하여 안전표지 등으로 경계를 표시한 도로의 가장자리 부분을 말합니다.','길가장자리구역'),(52,'[도로교통법 제2조 제12호]\n“횡단보도”란 보행자가 도로를 횡단할 수 있도록 안전표지로 표시한 도로의 부분을 말합니다.','횡단보도'),(53,'[도로교통법 제2조 제22호]\n“긴급자동차”란 다음 각 목의 자동차로서 그 본래의 긴급한 용도로 사용되고 있는 자동차를 말한다.\n가. 소방차\n나. 구급차\n다. 혈액 공급차량\n라. 그 밖에 대통령령으로 정하는 자동차','긴급자동차'),(54,'모든 차의 운전자는 선행 차량의 흐름에 주의하여 안전거리를 유지하며 운전할 의무가 있습니다.\n\n다만, 선행 차량이 위험방지나 부득이한 사유없이 급제동하는 경우, 도로의 제한 속도, 주변 차량의 흐름 및 통행량, 차로의 수, 정지한 차로의 형태 및 도로구조 등 제반 사정을 선행 차량의 가산요소로 고려할 수 있습니다.','안전거리 확보의무');
/*!40000 ALTER TABLE `terms` ENABLE KEYS */;
UNLOCK TABLES;

--
-- Table structure for table `user`
--

DROP TABLE IF EXISTS `user`;
/*!40101 SET @saved_cs_client     = @@character_set_client */;
/*!50503 SET character_set_client = utf8mb4 */;
CREATE TABLE `user` (
  `user_index` bigint NOT NULL AUTO_INCREMENT,
  `user_date` datetime(6) NOT NULL,
  `user_email` varchar(255) NOT NULL,
  `user_nickname` varchar(255) NOT NULL,
  `user_password` varchar(255) NOT NULL,
  `user_type` enum('ADMIN','LAWYER','MEMBER') NOT NULL,
  PRIMARY KEY (`user_index`)
) ENGINE=InnoDB AUTO_INCREMENT=25 DEFAULT CHARSET=utf8mb4 COLLATE=utf8mb4_0900_ai_ci;
/*!40101 SET character_set_client = @saved_cs_client */;

--
-- Dumping data for table `user`
--

LOCK TABLES `user` WRITE;
/*!40000 ALTER TABLE `user` DISABLE KEYS */;
INSERT INTO `user` VALUES (17,'2024-10-10 14:02:11.078881','sib0817@naver.com','송인범','$2a$10$4jMWL9lTdiirC51w4KvLReQC02BFiHYqCwp/nz35R4FosuxORpaCC','LAWYER'),(18,'2024-10-10 14:02:15.947985','testtest@test.com','hosungkkk','$2a$10$3yvKGhVL0LBaZy073g6Q9O3ri3c.cmzrk4P7KrnEkrmtbKPCJ9BCe','MEMBER'),(19,'2024-10-10 14:02:32.269747','wogns264@gmail.com','찬재','$2a$10$LVP3E9NIB.z3L/E1gvbNtO7CKEXi/v4E91u1Z6b0tYmPc1ntZhziC','MEMBER'),(20,'2024-10-10 14:36:25.517886','nonggeun@nonggeun.com','asdf1234','$2a$10$JPhx2hXaNqrPFak2TqF7CeOgiENRfsFaPUKELdqxv10gHayigTwvy','MEMBER'),(21,'2024-10-10 14:50:25.128114','minho@minho.com','민호','$2a$10$c.RcmneoYTZ1BvqwylLWnecCtrNDkw/VpJ56f2ybrwXF3JuzMaqhG','MEMBER'),(22,'2024-10-10 15:23:55.563340','whshin04@naver.com','우효','$2a$10$cJbD/y6bzXNvFTP7uPmSdOPoqByhq.j4UwxbENh.7woitdI6oh6D2','MEMBER'),(23,'2024-10-10 16:35:39.270825','123@123.com','123','$2a$10$3LY2ydaCArWVb7lYURDKu.OYBdrcCnhE11MpwU5B/yl0wo6BJqy.2','MEMBER'),(24,'2024-10-10 16:45:43.444546','rmsdnr1234@naver.com','농근','$2a$10$QjLWx/iOJCuRmDadGBAYUuXdY/isVt8afcMM5ktGbzDY/I0T5hamm','MEMBER');
/*!40000 ALTER TABLE `user` ENABLE KEYS */;
UNLOCK TABLES;

--
-- Table structure for table `user_vote`
--

DROP TABLE IF EXISTS `user_vote`;
/*!40101 SET @saved_cs_client     = @@character_set_client */;
/*!50503 SET character_set_client = utf8mb4 */;
CREATE TABLE `user_vote` (
  `id` bigint NOT NULL AUTO_INCREMENT,
  `recent_vote_type` int NOT NULL,
  `user_index` bigint NOT NULL,
  `vote_index` bigint NOT NULL,
  PRIMARY KEY (`id`),
  KEY `FKa29kcnusav2uagskoh0qyx2n2` (`user_index`),
  KEY `FK83em9mnoaxjdwqy0axsk380mb` (`vote_index`),
  CONSTRAINT `FK83em9mnoaxjdwqy0axsk380mb` FOREIGN KEY (`vote_index`) REFERENCES `vote` (`vote_id`),
  CONSTRAINT `FKa29kcnusav2uagskoh0qyx2n2` FOREIGN KEY (`user_index`) REFERENCES `user` (`user_index`)
) ENGINE=InnoDB AUTO_INCREMENT=9 DEFAULT CHARSET=utf8mb4 COLLATE=utf8mb4_0900_ai_ci;
/*!40101 SET character_set_client = @saved_cs_client */;

--
-- Dumping data for table `user_vote`
--

LOCK TABLES `user_vote` WRITE;
/*!40000 ALTER TABLE `user_vote` DISABLE KEYS */;
INSERT INTO `user_vote` VALUES (1,2,17,1),(2,1,19,1),(3,1,24,1),(4,3,21,1),(5,1,24,5),(6,1,19,5),(7,2,21,5),(8,1,17,5);
/*!40000 ALTER TABLE `user_vote` ENABLE KEYS */;
UNLOCK TABLES;

--
-- Table structure for table `vote`
--

DROP TABLE IF EXISTS `vote`;
/*!40101 SET @saved_cs_client     = @@character_set_client */;
/*!50503 SET character_set_client = utf8mb4 */;
CREATE TABLE `vote` (
  `vote_id` bigint NOT NULL AUTO_INCREMENT,
  `vo_approval_cnt` int NOT NULL,
  `vo_created_at` datetime(6) DEFAULT NULL,
  `vo_description` varchar(255) DEFAULT NULL,
  `vo_hit` int NOT NULL,
  `vo_is_image` bit(1) NOT NULL,
  `vo_neutral_cnt` int NOT NULL,
  `vo_opposite_cnt` int NOT NULL,
  `vo_title` varchar(255) DEFAULT NULL,
  `ai_index` bigint DEFAULT NULL,
  `user_index` bigint DEFAULT NULL,
  `vo_expiration_date` datetime(6) DEFAULT NULL,
  PRIMARY KEY (`vote_id`),
  UNIQUE KEY `UK22ixpxddj6yqpnfpl2lqfo3pw` (`ai_index`),
  KEY `FKfb61t1m5jg3vx2leg2gst92oo` (`user_index`),
  CONSTRAINT `FK6qgqoop0kcpjc80mteky6t65e` FOREIGN KEY (`ai_index`) REFERENCES `ai` (`ai_index`),
  CONSTRAINT `FKfb61t1m5jg3vx2leg2gst92oo` FOREIGN KEY (`user_index`) REFERENCES `user` (`user_index`)
) ENGINE=InnoDB AUTO_INCREMENT=7 DEFAULT CHARSET=utf8mb4 COLLATE=utf8mb4_0900_ai_ci;
/*!40101 SET character_set_client = @saved_cs_client */;

--
-- Dumping data for table `vote`
--

LOCK TABLES `vote` WRITE;
/*!40000 ALTER TABLE `vote` DISABLE KEYS */;
INSERT INTO `vote` VALUES (1,2,'2024-10-10 16:21:18.545704','30:70이라는데 이게 맞나..',64,_binary '',1,1,'이게 맞나..',1,17,'2024-10-25 16:21:09.520111'),(2,0,'2024-10-10 18:30:55.161390','이거 맞아요?',9,_binary '',0,0,'안돼용',3,17,'2024-10-13 18:30:54.239111'),(3,0,'2024-10-10 19:56:31.441335','asdasdasd',14,_binary '\0',0,0,'asdasd',4,17,'2024-10-11 19:56:30.224111'),(4,0,'2024-10-10 20:14:12.738652','합니다',10,_binary '\0',0,0,'억울',6,17,'2024-10-25 20:14:11.077111'),(5,3,'2024-10-10 20:22:49.608225','이거 억울합니다.',45,_binary '\0',0,1,'안녕하세요',7,17,'2024-10-13 20:22:46.856111'),(6,0,'2024-10-11 10:06:57.319945','ㅇㅇㅇㅇ',8,_binary '',0,0,'이게 왜 내가 90??????????????????????????????????????',11,19,'2024-10-26 10:06:51.679111');
/*!40000 ALTER TABLE `vote` ENABLE KEYS */;
UNLOCK TABLES;

--
-- Table structure for table `vote_comment`
--

DROP TABLE IF EXISTS `vote_comment`;
/*!40101 SET @saved_cs_client     = @@character_set_client */;
/*!50503 SET character_set_client = utf8mb4 */;
CREATE TABLE `vote_comment` (
  `id` bigint NOT NULL AUTO_INCREMENT,
  `comment` varchar(500) NOT NULL,
  `posted_at` datetime(6) NOT NULL,
  `vote_type` int NOT NULL,
  `user_id` bigint NOT NULL,
  `vote_id` bigint NOT NULL,
  PRIMARY KEY (`id`),
  KEY `FKsxh32n0cyukip65ro3gfkhd1h` (`user_id`),
  KEY `FKr0f1qjn1nuaf1uc6cmx129ows` (`vote_id`),
  CONSTRAINT `FKr0f1qjn1nuaf1uc6cmx129ows` FOREIGN KEY (`vote_id`) REFERENCES `vote` (`vote_id`),
  CONSTRAINT `FKsxh32n0cyukip65ro3gfkhd1h` FOREIGN KEY (`user_id`) REFERENCES `user` (`user_index`)
) ENGINE=InnoDB AUTO_INCREMENT=9 DEFAULT CHARSET=utf8mb4 COLLATE=utf8mb4_0900_ai_ci;
/*!40101 SET character_set_client = @saved_cs_client */;

--
-- Dumping data for table `vote_comment`
--

LOCK TABLES `vote_comment` WRITE;
/*!40000 ALTER TABLE `vote_comment` DISABLE KEYS */;
INSERT INTO `vote_comment` VALUES (1,'ㅎㅇ','2024-10-10 16:22:28.441297',2,17,1),(2,'ㅎㅇㅎㅇ','2024-10-10 16:26:24.539930',1,19,1),(3,'아.','2024-10-11 08:52:40.472355',2,19,5),(4,'asdf','2024-10-11 08:54:04.411190',4,21,5),(5,'별로 .. 잘못하셨는데요?','2024-10-11 09:48:26.324113',4,17,5),(6,'게시자 과실 맞는듯..','2024-10-11 10:01:47.090177',1,19,5),(7,'ㅁㄴㅇㄻㅇㄴㄹ','2024-10-11 10:02:11.722526',3,21,5),(8,'상대 과실이 더 크지 않을까요?','2024-10-11 10:02:31.252141',2,21,5);
/*!40000 ALTER TABLE `vote_comment` ENABLE KEYS */;
UNLOCK TABLES;

--
-- Table structure for table `vote_image`
--

DROP TABLE IF EXISTS `vote_image`;
/*!40101 SET @saved_cs_client     = @@character_set_client */;
/*!50503 SET character_set_client = utf8mb4 */;
CREATE TABLE `vote_image` (
  `image_id` bigint NOT NULL AUTO_INCREMENT,
  `vo_image_created_at` datetime(6) DEFAULT NULL,
  `vo_image_url` varchar(255) DEFAULT NULL,
  `user_index` bigint DEFAULT NULL,
  `vote_id` bigint DEFAULT NULL,
  PRIMARY KEY (`image_id`),
  KEY `FK29w9rgb1eweq7tbrgar2l9a08` (`user_index`),
  KEY `FKrm2hmel3ml7y9h8fysqa0yqny` (`vote_id`),
  CONSTRAINT `FK29w9rgb1eweq7tbrgar2l9a08` FOREIGN KEY (`user_index`) REFERENCES `user` (`user_index`),
  CONSTRAINT `FKrm2hmel3ml7y9h8fysqa0yqny` FOREIGN KEY (`vote_id`) REFERENCES `vote` (`vote_id`)
) ENGINE=InnoDB AUTO_INCREMENT=4 DEFAULT CHARSET=utf8mb4 COLLATE=utf8mb4_0900_ai_ci;
/*!40101 SET character_set_client = @saved_cs_client */;

--
-- Dumping data for table `vote_image`
--

LOCK TABLES `vote_image` WRITE;
/*!40000 ALTER TABLE `vote_image` DISABLE KEYS */;
INSERT INTO `vote_image` VALUES (1,'2024-10-10 16:21:18.645916','https://whitebox-lawyer-vertify.s3.ap-northeast-2.amazonaws.com/images/e086d735-ce08-4904-a9ab-727502ebdd0e.JPG',17,1),(2,'2024-10-10 18:30:55.284029','https://whitebox-lawyer-vertify.s3.ap-northeast-2.amazonaws.com/images/a745adce-35ab-414d-b6b4-ae203c29034b.png',17,2),(3,'2024-10-11 10:06:57.467612','https://whitebox-lawyer-vertify.s3.ap-northeast-2.amazonaws.com/images/a68b0944-60de-4ba5-8d2b-616621799c59.JPG',19,6);
/*!40000 ALTER TABLE `vote_image` ENABLE KEYS */;
UNLOCK TABLES;
/*!40103 SET TIME_ZONE=@OLD_TIME_ZONE */;

/*!40101 SET SQL_MODE=@OLD_SQL_MODE */;
/*!40014 SET FOREIGN_KEY_CHECKS=@OLD_FOREIGN_KEY_CHECKS */;
/*!40014 SET UNIQUE_CHECKS=@OLD_UNIQUE_CHECKS */;
/*!40101 SET CHARACTER_SET_CLIENT=@OLD_CHARACTER_SET_CLIENT */;
/*!40101 SET CHARACTER_SET_RESULTS=@OLD_CHARACTER_SET_RESULTS */;
/*!40101 SET COLLATION_CONNECTION=@OLD_COLLATION_CONNECTION */;
/*!40111 SET SQL_NOTES=@OLD_SQL_NOTES */;

-- Dump completed on 2024-10-11  1:48:51
